-- MySQL dump 10.13  Distrib 5.5.62, for debian-linux-gnu (x86_64)
--
-- Host: localhost    Database: dmakit
-- ------------------------------------------------------
-- Server version	5.5.62-0+deb8u1

/*!40101 SET @OLD_CHARACTER_SET_CLIENT=@@CHARACTER_SET_CLIENT */;
/*!40101 SET @OLD_CHARACTER_SET_RESULTS=@@CHARACTER_SET_RESULTS */;
/*!40101 SET @OLD_COLLATION_CONNECTION=@@COLLATION_CONNECTION */;
/*!40101 SET NAMES utf8 */;
/*!40103 SET @OLD_TIME_ZONE=@@TIME_ZONE */;
/*!40103 SET TIME_ZONE='+00:00' */;
/*!40014 SET @OLD_UNIQUE_CHECKS=@@UNIQUE_CHECKS, UNIQUE_CHECKS=0 */;
/*!40014 SET @OLD_FOREIGN_KEY_CHECKS=@@FOREIGN_KEY_CHECKS, FOREIGN_KEY_CHECKS=0 */;
/*!40101 SET @OLD_SQL_MODE=@@SQL_MODE, SQL_MODE='NO_AUTO_VALUE_ON_ZERO' */;
/*!40111 SET @OLD_SQL_NOTES=@@SQL_NOTES, SQL_NOTES=0 */;

--
-- Table structure for table `country`
--

DROP TABLE IF EXISTS `country`;
/*!40101 SET @saved_cs_client     = @@character_set_client */;
/*!40101 SET character_set_client = utf8 */;
CREATE TABLE `country` (
  `idcountry` int(11) NOT NULL,
  `name` varchar(45) NOT NULL,
  `createdCountry` datetime NOT NULL,
  `modifiedCountry` datetime NOT NULL,
  PRIMARY KEY (`idcountry`)
) ENGINE=InnoDB DEFAULT CHARSET=utf8;
/*!40101 SET character_set_client = @saved_cs_client */;

--
-- Dumping data for table `country`
--

LOCK TABLES `country` WRITE;
/*!40000 ALTER TABLE `country` DISABLE KEYS */;
INSERT INTO `country` VALUES (1,'CHILE','2019-11-18 16:06:28','2019-11-18 16:13:32'),(2,'EEUU','2018-12-16 23:09:00','2018-12-16 23:09:00'),(1588761054,'','2020-05-06 06:30:54','2020-05-06 06:30:54'),(1590037356,'India','2020-05-21 01:02:36','2020-05-21 01:02:36'),(1590073515,'United States','2020-05-21 11:05:15','2020-05-21 11:05:15'),(1595720023,'Colombia','2020-07-25 19:33:43','2020-07-25 19:33:43'),(1604573911,'china','2020-11-05 05:58:31','2020-11-05 05:58:31');
/*!40000 ALTER TABLE `country` ENABLE KEYS */;
UNLOCK TABLES;

--
-- Table structure for table `dataSet`
--

DROP TABLE IF EXISTS `dataSet`;
/*!40101 SET @saved_cs_client     = @@character_set_client */;
/*!40101 SET character_set_client = utf8 */;
CREATE TABLE `dataSet` (
  `iddataSet` int(11) NOT NULL AUTO_INCREMENT,
  `nameDataSet` varchar(45) NOT NULL,
  `createdDataSet` datetime NOT NULL,
  `modifiedDataSet` datetime NOT NULL,
  `user` int(11) NOT NULL,
  `tipoDataSet` varchar(45) NOT NULL,
  `job` int(11) NOT NULL,
  PRIMARY KEY (`iddataSet`),
  KEY `fk_dataSet_user_idx` (`user`),
  CONSTRAINT `fk_dataSet_user` FOREIGN KEY (`user`) REFERENCES `user` (`iduser`) ON DELETE CASCADE ON UPDATE CASCADE
) ENGINE=InnoDB AUTO_INCREMENT=1613791922 DEFAULT CHARSET=utf8;
/*!40101 SET character_set_client = @saved_cs_client */;

--
-- Dumping data for table `dataSet`
--

LOCK TABLES `dataSet` WRITE;
/*!40000 ALTER TABLE `dataSet` DISABLE KEYS */;
INSERT INTO `dataSet` VALUES (1576802145,'frequencyResiduesWithLength.csv','2019-12-19 19:35:45','2019-12-19 19:35:45',1576800852,'CLUSTERING',1576802145),(1576802285,'1A22_SDM_clf.csv','2019-12-19 19:38:05','2019-12-19 19:38:05',1576800852,'CLASSIFICATION',1576802285),(1576802390,'1A22_SDM.csv','2019-12-19 19:39:50','2019-12-19 19:39:50',1576800852,'PREDICTION',1576802390),(1576969830,'frequencyResiduesWithLength.csv','2019-12-21 18:10:30','2019-12-21 18:10:30',1576800852,'CLUSTERING',1576969830),(1576969946,'1A22_SDM_clf.csv','2019-12-21 18:12:26','2019-12-21 18:12:26',1576800852,'CLASSIFICATION',1576969946),(1576970191,'1A22_SDM.csv','2019-12-21 18:16:31','2019-12-21 18:16:31',1576800852,'PREDICTION',1576970191),(1579986438,'lenData.csv','2020-01-25 16:07:18','2020-01-25 16:07:18',1579986297,'STATISTICAL',1579986438),(1579986578,'lenData.csv','2020-01-25 16:09:38','2020-01-25 16:09:38',1579986297,'STATISTICAL',1579986578),(1579986671,'lenData.csv','2020-01-25 16:11:11','2020-01-25 16:11:11',1579986297,'STATISTICAL',1579986671),(1579986711,'lenData.csv','2020-01-25 16:11:51','2020-01-25 16:11:51',1579986297,'STATISTICAL',1579986711),(1579986766,'lenData.csv','2020-01-25 16:12:46','2020-01-25 16:12:46',1579986297,'STATISTICAL',1579986766),(1581167864,'inputClustering.csv','2020-02-08 08:17:44','2020-02-08 08:17:44',1579986297,'CLUSTERING',1581167864),(1581167891,'inputClustering.csv','2020-02-08 08:18:11','2020-02-08 08:18:11',1579986297,'CLUSTERING',1581167891),(1581168511,'inputClustering.csv','2020-02-08 08:28:31','2020-02-08 08:28:31',1579986297,'CLUSTERING',1581168511),(1581172684,'inputClustering.csv','2020-02-08 09:38:04','2020-02-08 09:38:04',1579986297,'CLUSTERING',1581172684),(1581176688,'ResponseProcess_Job_Clustering.csv','2020-02-08 10:44:48','2020-02-08 10:44:48',1579986297,'STATISTICAL',1581176688),(1581176974,'ResponseProcess_Job_Clustering.csv','2020-02-08 10:49:34','2020-02-08 10:49:34',1579986297,'STATISTICAL',1581176974),(1581177371,'inputClustering.csv','2020-02-08 10:56:11','2020-02-08 10:56:11',1579986297,'CLUSTERING',1581177371),(1581177491,'inputClustering.csv','2020-02-08 10:58:11','2020-02-08 10:58:11',1579986297,'CLUSTERING',1581177491),(1581177593,'inputClustering.csv','2020-02-08 10:59:53','2020-02-08 10:59:53',1579986297,'CLUSTERING',1581177593),(1581177659,'inputClustering.csv','2020-02-08 11:00:59','2020-02-08 11:00:59',1579986297,'CLUSTERING',1581177659),(1581177682,'inputClustering.csv','2020-02-08 11:01:22','2020-02-08 11:01:22',1579986297,'CLUSTERING',1581177682),(1581183687,'inputClustering.csv','2020-02-08 12:41:27','2020-02-08 12:41:27',1579986297,'CLUSTERING',1581183687),(1581184189,'inputClustering.csv','2020-02-08 12:49:49','2020-02-08 12:49:49',1579986297,'CLUSTERING',1581184189),(1581184219,'inputClustering.csv','2020-02-08 12:50:19','2020-02-08 12:50:19',1579986297,'CLUSTERING',1581184219),(1581184346,'inputClustering.csv','2020-02-08 12:52:26','2020-02-08 12:52:26',1579986297,'CLUSTERING',1581184346),(1581184463,'inputClustering.csv','2020-02-08 12:54:23','2020-02-08 12:54:23',1579986297,'CLUSTERING',1581184463),(1582748359,'dataset.csv','2020-02-26 15:19:19','2020-02-26 15:19:19',1579986297,'PREDICTION',1582748359),(1582749299,'dataset_CHOC760101.csv','2020-02-26 15:34:59','2020-02-26 15:34:59',1579986297,'queue-PREDICTION',1582749299),(1582749328,'dataset_CHOC760101.csv','2020-02-26 15:35:28','2020-02-26 15:35:28',1579986297,'queue-PREDICTION',1582749328),(1582749352,'dataset_CHOC760101.csv','2020-02-26 15:35:52','2020-02-26 15:35:52',1579986297,'queue-PREDICTION',1582749352),(1582750188,'dataset_CHOC760101.csv','2020-02-26 15:49:48','2020-02-26 15:49:48',1579986297,'queue-PREDICTION',1582750188),(1582750224,'dataset_CHOC760101.csv','2020-02-26 15:50:24','2020-02-26 15:50:24',1579986297,'queue-PREDICTION',1582750224),(1582750254,'dataset_CHOC760101.csv','2020-02-26 15:50:54','2020-02-26 15:50:54',1579986297,'queue-PREDICTION',1582750254),(1582750285,'dataset_CHOC760101.csv','2020-02-26 15:51:25','2020-02-26 15:51:25',1579986297,'queue-PREDICTION',1582750285),(1582750323,'dataset_CHOC760101.csv','2020-02-26 15:52:03','2020-02-26 15:52:03',1579986297,'queue-PREDICTION',1582750323),(1582750353,'dataset_CHOC760101.csv','2020-02-26 15:52:33','2020-02-26 15:52:33',1579986297,'queue-PREDICTION',1582750353),(1582750386,'dataset_CHOC760101.csv','2020-02-26 15:53:06','2020-02-26 15:53:06',1579986297,'queue-PREDICTION',1582750386),(1582838204,'dataset_JOND920101.csv','2020-02-27 16:16:44','2020-02-27 16:16:44',1579986297,'queue-PREDICTION',1582838204),(1582838232,'dataset_JOND920101.csv','2020-02-27 16:17:12','2020-02-27 16:17:12',1579986297,'queue-PREDICTION',1582838232),(1582838261,'dataset_JOND920101.csv','2020-02-27 16:17:41','2020-02-27 16:17:41',1579986297,'queue-PREDICTION',1582838261),(1582843173,'dataset_JOND920101.csv','2020-02-27 17:39:33','2020-02-27 17:39:33',1579986297,'queue-PREDICTION',1582843173),(1582843197,'dataset_JOND920101.csv','2020-02-27 17:39:57','2020-02-27 17:39:57',1579986297,'queue-PREDICTION',1582843197),(1582843222,'dataset_JOND920101.csv','2020-02-27 17:40:22','2020-02-27 17:40:22',1579986297,'queue-PREDICTION',1582843222),(1582843256,'dataset_JOND920101.csv','2020-02-27 17:40:56','2020-02-27 17:40:56',1579986297,'queue-PREDICTION',1582843256),(1582865215,'dataset_JOND920101.csv','2020-02-27 23:46:55','2020-02-27 23:46:55',1579986297,'queue-PREDICTION',1582865215),(1582865240,'dataset_JOND920101.csv','2020-02-27 23:47:20','2020-02-27 23:47:20',1579986297,'queue-PREDICTION',1582865240),(1582865264,'dataset_JOND920101.csv','2020-02-27 23:47:44','2020-02-27 23:47:44',1579986297,'queue-CLASSIFICATION',1582865264),(1583854032,'glucose.csv','2020-03-10 11:27:12','2020-03-10 11:27:12',1579986297,'queue-CLUSTERING',1583854032),(1583888858,'mutations_list.csv','2020-03-10 21:07:38','2020-03-10 21:07:38',1579986297,'STATISTICAL',1583888858),(1583889435,'mutations_list.csv','2020-03-10 21:17:15','2020-03-10 21:17:15',1579986297,'STATISTICAL',1583889435),(1585115359,'data_with_features_full.csv','2020-03-25 01:49:19','2020-03-25 01:49:19',1579986297,'CLUSTERING',1585115359),(1585115394,'data_with_features_full.csv','2020-03-25 01:49:54','2020-03-25 01:49:54',1579986297,'CLUSTERING',1585115394),(1585115793,'data_with_features_full.csv','2020-03-25 01:56:33','2020-03-25 01:56:33',1579986297,'queue-CLUSTERING',1585115793),(1585116168,'data_only_areas.csv','2020-03-25 02:02:48','2020-03-25 02:02:48',1579986297,'queue-CLUSTERING',1585116168),(1585116206,'data_only_pendientes.csv','2020-03-25 02:03:26','2020-03-25 02:03:26',1579986297,'queue-CLUSTERING',1585116206),(1585120229,'data_with_features_full.csv','2020-03-25 03:10:29','2020-03-25 03:10:29',1579986297,'CLUSTERING',1585120229),(1585120401,'data_with_features_full.csv','2020-03-25 03:13:21','2020-03-25 03:13:21',1579986297,'queue-CLUSTERING',1585120401),(1585120435,'data_only_areas.csv','2020-03-25 03:13:55','2020-03-25 03:13:55',1579986297,'queue-CLUSTERING',1585120435),(1585120474,'data_only_pendientes.csv','2020-03-25 03:14:34','2020-03-25 03:14:34',1579986297,'queue-CLUSTERING',1585120474),(1585128579,'testing_tslearn.csv','2020-03-25 05:29:39','2020-03-25 05:29:39',1579986297,'STATISTICAL',1585128579),(1585128673,'testing_tslearn.csv','2020-03-25 05:31:13','2020-03-25 05:31:13',1579986297,'STATISTICAL',1585128673),(1585529500,'export_data_set_without_noise.csv','2020-03-29 20:51:40','2020-03-29 20:51:40',1579986297,'STATISTICAL',1585529500),(1585592937,'db_codes_properties.csv','2020-03-30 14:28:57','2020-03-30 14:28:57',1579986297,'CORRELATION',1585592937),(1585593254,'db_codes_properties.csv','2020-03-30 14:34:14','2020-03-30 14:34:14',1579986297,'MUTUAL-INFORMATION',1585593254),(1585771919,'db_codes_properties.csv','2020-04-01 16:11:59','2020-04-01 16:11:59',1579986297,'PCA',1585771919),(1585996926,'adimensionales_anormales.csv','2020-04-04 06:42:06','2020-04-04 06:42:06',1579986297,'STATISTICAL',1585996926),(1585996993,'param_anormales.csv','2020-04-04 06:43:13','2020-04-04 06:43:13',1579986297,'STATISTICAL',1585996993),(1585997617,'param_normales.csv','2020-04-04 06:53:37','2020-04-04 06:53:37',1579986297,'STATISTICAL',1585997617),(1585998171,'adimensionales_normales.csv','2020-04-04 07:02:51','2020-04-04 07:02:51',1579986297,'STATISTICAL',1585998171),(1586006132,'adimensionales_anormales.csv','2020-04-04 09:15:32','2020-04-04 09:15:32',1579986297,'STATISTICAL',1586006132),(1586016832,'adimensional_full.csv','2020-04-04 12:13:52','2020-04-04 12:13:52',1579986297,'STATISTICAL',1586016832),(1586016878,'adimensional_full.csv','2020-04-04 12:14:38','2020-04-04 12:14:38',1579986297,'STATISTICAL',1586016878),(1586083376,'param_fulls.csv','2020-04-05 06:42:56','2020-04-05 06:42:56',1579986297,'CLUSTERING',1586083376),(1586083442,'param_fulls.csv','2020-04-05 06:44:02','2020-04-05 06:44:02',1579986297,'CLUSTERING',1586083442),(1586083520,'param_fulls.csv','2020-04-05 06:45:20','2020-04-05 06:45:20',1579986297,'CLUSTERING',1586083520),(1586083566,'adimensional_full.csv','2020-04-05 06:46:06','2020-04-05 06:46:06',1579986297,'CLUSTERING',1586083566),(1586083617,'adimensional_full.csv','2020-04-05 06:46:57','2020-04-05 06:46:57',1579986297,'CLUSTERING',1586083617),(1586083651,'adimensional_full.csv','2020-04-05 06:47:31','2020-04-05 06:47:31',1579986297,'CLUSTERING',1586083651),(1586083684,'adimensional_full.csv','2020-04-05 06:48:04','2020-04-05 06:48:04',1579986297,'CLUSTERING',1586083684),(1586083726,'adimensional_full.csv','2020-04-05 06:48:46','2020-04-05 06:48:46',1579986297,'CLUSTERING',1586083726),(1586083800,'glucosa_full.csv','2020-04-05 06:50:00','2020-04-05 06:50:00',1579986297,'CLUSTERING',1586083800),(1586084869,'param_fulls.csv','2020-04-05 07:07:49','2020-04-05 07:07:49',1579986297,'STATISTICAL',1586084869),(1586085009,'param_fulls.csv','2020-04-05 07:10:09','2020-04-05 07:10:09',1579986297,'STATISTICAL',1586085009),(1586085336,'params_full_log.csv','2020-04-05 07:15:36','2020-04-05 07:15:36',1579986297,'STATISTICAL',1586085336),(1586108081,'adimensional_full_log.csv','2020-04-05 13:34:41','2020-04-05 13:34:41',1579986297,'STATISTICAL',1586108081),(1586357354,'1_3_3_1.csv','2020-04-08 10:49:14','2020-04-08 10:49:14',1579986297,'CLUSTERING',1586357354),(1586357417,'1_3_3_1.csv','2020-04-08 10:50:17','2020-04-08 10:50:17',1579986297,'CLUSTERING',1586357417),(1586357438,'1_3_3_1.csv','2020-04-08 10:50:38','2020-04-08 10:50:38',1579986297,'CLUSTERING',1586357438),(1586357482,'1_3_3_1.csv','2020-04-08 10:51:22','2020-04-08 10:51:22',1579986297,'CLUSTERING',1586357482),(1587630759,'data_zero_padding.csv','2020-04-23 04:32:39','2020-04-23 04:32:39',1579986297,'CLUSTERING',1587630759),(1587630910,'data_zero_padding.csv','2020-04-23 04:35:11','2020-04-23 04:35:11',1579986297,'CLUSTERING',1587630910),(1587631721,'data_clustering.csv','2020-04-23 04:48:41','2020-04-23 04:48:41',1579986297,'CLUSTERING',1587631721),(1587631750,'data_clustering.csv','2020-04-23 04:49:10','2020-04-23 04:49:10',1579986297,'CLUSTERING',1587631750),(1587631781,'data_clustering.csv','2020-04-23 04:49:41','2020-04-23 04:49:41',1579986297,'CLUSTERING',1587631781),(1587631902,'data_clustering.csv','2020-04-23 04:51:42','2020-04-23 04:51:42',1579986297,'CLUSTERING',1587631902),(1587632503,'domainFrequence.csv','2020-04-23 05:01:43','2020-04-23 05:01:43',1579986297,'CLUSTERING',1587632503),(1587632974,'domainFrequence.csv','2020-04-23 05:09:34','2020-04-23 05:09:34',1579986297,'CLUSTERING',1587632974),(1587637472,'data_clustering.csv','2020-04-23 06:24:32','2020-04-23 06:24:32',1579986297,'CLUSTERING',1587637472),(1588256931,'Par_anorm.csv','2020-04-30 10:28:52','2020-04-30 10:28:52',1579986297,'CLUSTERING',1588256931),(1588257314,'Par_full.csv','2020-04-30 10:35:14','2020-04-30 10:35:14',1579986297,'CLUSTERING',1588257314),(1588257723,'Par_full.csv','2020-04-30 10:42:03','2020-04-30 10:42:03',1579986297,'CLUSTERING',1588257723),(1588258041,'Adimens_full.csv','2020-04-30 10:47:22','2020-04-30 10:47:22',1579986297,'CLUSTERING',1588258041),(1588518857,'class_matrix_full.csv','2020-05-03 11:14:17','2020-05-03 11:14:17',1579986297,'CLUSTERING',1588518857),(1588518908,'class_matrix_full.csv','2020-05-03 11:15:08','2020-05-03 11:15:08',1579986297,'CLUSTERING',1588518908),(1588518931,'class_matrix_full.csv','2020-05-03 11:15:31','2020-05-03 11:15:31',1579986297,'CLUSTERING',1588518931),(1588518960,'class_matrix_full.csv','2020-05-03 11:16:00','2020-05-03 11:16:00',1579986297,'CLUSTERING',1588518960),(1588518996,'class_matrix_full.csv','2020-05-03 11:16:36','2020-05-03 11:16:36',1579986297,'CLUSTERING',1588518996),(1588534263,'Par_full.csv','2020-05-03 15:31:03','2020-05-03 15:31:03',1579986297,'queue-CLUSTERING',1588534263),(1588723046,'iris.csv','2020-05-05 19:57:26','2020-05-05 19:57:26',1576800852,'STATISTICAL',1588723046),(1588723082,'iris.csv','2020-05-05 19:58:02','2020-05-05 19:58:02',1576800852,'STATISTICAL',1588723082),(1588723106,'iris.csv','2020-05-05 19:58:26','2020-05-05 19:58:26',1576800852,'STATISTICAL',1588723106),(1588723135,'iris.csv','2020-05-05 19:58:55','2020-05-05 19:58:55',1576800852,'STATISTICAL',1588723135),(1588723164,'iris.csv','2020-05-05 19:59:24','2020-05-05 19:59:24',1576800852,'STATISTICAL',1588723164),(1588723212,'iris.csv','2020-05-05 20:00:12','2020-05-05 20:00:12',1576800852,'STATISTICAL',1588723212),(1588723265,'iris.csv','2020-05-05 20:01:05','2020-05-05 20:01:05',1576800852,'STATISTICAL',1588723265),(1588723288,'iris.csv','2020-05-05 20:01:28','2020-05-05 20:01:28',1576800852,'STATISTICAL',1588723288),(1588723316,'iris.csv','2020-05-05 20:01:56','2020-05-05 20:01:56',1576800852,'CORRELATION',1588723316),(1588761349,'iris.csv','2020-05-06 06:35:49','2020-05-06 06:35:49',1588761054,'STATISTICAL',1588761349),(1588761460,'iris.csv','2020-05-06 06:37:40','2020-05-06 06:37:40',1588761054,'CORRELATION',1588761460),(1588761492,'iris.csv','2020-05-06 06:38:12','2020-05-06 06:38:12',1588761054,'CORRELATION',1588761492),(1588761574,'iris.csv','2020-05-06 06:39:34','2020-05-06 06:39:34',1588761054,'PCA',1588761574),(1588761624,'iris.csv','2020-05-06 06:40:24','2020-05-06 06:40:24',1588761054,'CLUSTERING',1588761624),(1588761671,'iris.csv','2020-05-06 06:41:11','2020-05-06 06:41:11',1588761054,'CLASSIFICATION',1588761671),(1588762330,'1BNI1_SDM.csv','2020-05-06 06:52:10','2020-05-06 06:52:10',1588762195,'STATISTICAL',1588762330),(1588762405,'1BNI1_SDM.csv','2020-05-06 06:53:25','2020-05-06 06:53:25',1588762195,'CLUSTERING',1588762405),(1588762458,'1BNI1_SDM.csv','2020-05-06 06:54:18','2020-05-06 06:54:18',1588762195,'PREDICTION',1588762458),(1588764140,'iris.csv','2020-05-06 07:22:20','2020-05-06 07:22:20',1588763901,'STATISTICAL',1588764140),(1588764258,'iris.csv','2020-05-06 07:24:18','2020-05-06 07:24:18',1588763901,'PCA',1588764258),(1588843540,'iris.csv','2020-05-07 05:25:40','2020-05-07 05:25:40',1588843243,'CLUSTERING',1588843540),(1588843638,'iris.csv','2020-05-07 05:27:18','2020-05-07 05:27:18',1588843243,'PREDICTION',1588843638),(1588843997,'iris.csv','2020-05-07 05:33:17','2020-05-07 05:33:17',1588843243,'CLUSTERING',1588843997),(1588845427,'iris.csv','2020-05-07 05:57:07','2020-05-07 05:57:07',1588845106,'CLUSTERING',1588845427),(1588845782,'iris.csv','2020-05-07 06:03:02','2020-05-07 06:03:02',1588845106,'PREDICTION',1588845782),(1588847545,'iris.csv','2020-05-07 06:32:25','2020-05-07 06:32:25',1588847157,'STATISTICAL',1588847545),(1588848397,'iris.csv','2020-05-07 06:46:37','2020-05-07 06:46:37',1588847795,'CLUSTERING',1588848397),(1588848602,'iris.csv','2020-05-07 06:50:02','2020-05-07 06:50:02',1588848227,'CLUSTERING',1588848602),(1588848683,'iris.csv','2020-05-07 06:51:23','2020-05-07 06:51:23',1588848227,'CLUSTERING',1588848683),(1588848728,'iris.csv','2020-05-07 06:52:08','2020-05-07 06:52:08',1588848227,'CLUSTERING',1588848728),(1588848770,'iris.csv','2020-05-07 06:52:50','2020-05-07 06:52:50',1588848227,'CLUSTERING',1588848770),(1588848840,'iris.csv','2020-05-07 06:54:00','2020-05-07 06:54:00',1588848227,'CLASSIFICATION',1588848840),(1588849283,'iris.csv','2020-05-07 07:01:23','2020-05-07 07:01:23',1588848227,'LINEAR-MODELS',1588849283),(1588850001,'iris.csv','2020-05-07 07:13:21','2020-05-07 07:13:21',1588847795,'CLUSTERING',1588850001),(1588850035,'iris.csv','2020-05-07 07:13:55','2020-05-07 07:13:55',1588847795,'CLASSIFICATION',1588850035),(1588851843,'iris.csv','2020-05-07 07:44:03','2020-05-07 07:44:03',1588847795,'PREDICTION',1588851843),(1588851868,'iris.csv','2020-05-07 07:44:28','2020-05-07 07:44:28',1588847795,'PREDICTION',1588851868),(1588852492,'iris.csv','2020-05-07 07:54:52','2020-05-07 07:54:52',1588851526,'CLUSTERING',1588852492),(1588852841,'iris.csv','2020-05-07 08:00:41','2020-05-07 08:00:41',1588847795,'STATISTICAL-ANALYSIS',1588852841),(1588852860,'iris.csv','2020-05-07 08:01:00','2020-05-07 08:01:00',1588847795,'STATISTICAL-ANALYSIS',1588852860),(1588852867,'iris.csv','2020-05-07 08:01:07','2020-05-07 08:01:07',1588847795,'STATISTICAL-ANALYSIS',1588852867),(1588852937,'iris.csv','2020-05-07 08:02:17','2020-05-07 08:02:17',1588847795,'STATISTICAL',1588852937),(1588853391,'iris.csv','2020-05-07 08:09:51','2020-05-07 08:09:51',1588847795,'CORRELATION',1588853391),(1588853415,'iris.csv','2020-05-07 08:10:15','2020-05-07 08:10:15',1588847795,'CORRELATION',1588853415),(1588853443,'iris.csv','2020-05-07 08:10:43','2020-05-07 08:10:43',1588847795,'CORRELATION',1588853443),(1588853500,'iris.csv','2020-05-07 08:11:40','2020-05-07 08:11:40',1588847795,'CORRELATION',1588853500),(1588853580,'iris.csv','2020-05-07 08:13:00','2020-05-07 08:13:00',1588847795,'PCA',1588853580),(1588853761,'iris.csv','2020-05-07 08:16:01','2020-05-07 08:16:01',1588847795,'STATISTICAL-ANALYSIS',1588853761),(1588870646,'iris.csv','2020-05-07 12:57:26','2020-05-07 12:57:26',1579986297,'STATISTICAL',1588870646),(1588874179,'iris.csv','2020-05-07 13:56:19','2020-05-07 13:56:19',1588855829,'STATISTICAL',1588874179),(1588874384,'iris.csv','2020-05-07 13:59:45','2020-05-07 13:59:45',1588855829,'CLUSTERING',1588874384),(1588875904,'iris.csv','2020-05-07 14:25:04','2020-05-07 14:25:04',1579986297,'STATISTICAL',1588875904),(1588876044,'iris.csv','2020-05-07 14:27:24','2020-05-07 14:27:24',1579986297,'CLUSTERING',1588876044),(1588920964,'iris.csv','2020-05-08 02:56:04','2020-05-08 02:56:04',1588884684,'CLUSTERING',1588920964),(1588921227,'iris.csv','2020-05-08 03:00:27','2020-05-08 03:00:27',1588884684,'CLUSTERING',1588921227),(1588922407,'iris.csv','2020-05-08 03:20:07','2020-05-08 03:20:07',1588884684,'CLASSIFICATION',1588922407),(1589185376,'iris.csv','2020-05-11 04:22:56','2020-05-11 04:22:56',1588854079,'PREDICTION',1589185376),(1589186168,'iris.csv','2020-05-11 04:36:08','2020-05-11 04:36:08',1588854079,'PREDICTION',1589186168),(1591947007,'input_random_forest_genes.txt','2020-06-12 03:30:07','2020-06-12 03:30:07',1591865016,'CLASSIFICATION',1591947007),(1591963531,'data_clinical_sample.txt','2020-06-12 08:05:31','2020-06-12 08:05:31',1591865016,'CLASSIFICATION',1591963531),(1592165397,'embedding_model.csv','2020-06-14 16:09:57','2020-06-14 16:09:57',1579986297,'CLUSTERING',1592165397),(1592165592,'embedding_model.csv','2020-06-14 16:13:12','2020-06-14 16:13:12',1579986297,'CLUSTERING',1592165592),(1592165644,'embedding_model.csv','2020-06-14 16:14:04','2020-06-14 16:14:04',1579986297,'CLUSTERING',1592165644),(1592165704,'embedding_model.csv','2020-06-14 16:15:04','2020-06-14 16:15:04',1579986297,'CLUSTERING',1592165704),(1592167936,'embedding_model_size_3.csv','2020-06-14 16:52:16','2020-06-14 16:52:16',1579986297,'CLUSTERING',1592167936),(1592168111,'embedding_model_size_3.csv','2020-06-14 16:55:11','2020-06-14 16:55:11',1579986297,'queue-CLUSTERING',1592168111),(1592168145,'embedding_model_size_4.csv','2020-06-14 16:55:45','2020-06-14 16:55:45',1579986297,'queue-CLUSTERING',1592168145),(1592168538,'embedding_model_size_5.csv','2020-06-14 17:02:18','2020-06-14 17:02:18',1579986297,'queue-CLUSTERING',1592168538),(1592168592,'embedding_model_size_6.csv','2020-06-14 17:03:12','2020-06-14 17:03:12',1579986297,'queue-CLUSTERING',1592168592),(1592171219,'embedding_model_size_7.csv','2020-06-14 17:46:59','2020-06-14 17:46:59',1579986297,'queue-CLUSTERING',1592171219),(1592171288,'embedding_model_size_8.csv','2020-06-14 17:48:08','2020-06-14 17:48:08',1579986297,'queue-CLUSTERING',1592171288),(1592171382,'embedding_model_size_9.csv','2020-06-14 17:49:42','2020-06-14 17:49:42',1579986297,'queue-CLUSTERING',1592171382),(1592172555,'embedding_model_size_4.csv','2020-06-14 18:09:15','2020-06-14 18:09:15',1579986297,'CLUSTERING',1592172555),(1592179671,'embedding_model_size_3.csv','2020-06-14 20:07:51','2020-06-14 20:07:51',1579986297,'CLUSTERING',1592179671),(1592179694,'embedding_model_size_3.csv','2020-06-14 20:08:14','2020-06-14 20:08:14',1579986297,'CLUSTERING',1592179694),(1592179731,'embedding_model_size_3.csv','2020-06-14 20:08:51','2020-06-14 20:08:51',1579986297,'CLUSTERING',1592179731),(1592179774,'embedding_model_size_4.csv','2020-06-14 20:09:34','2020-06-14 20:09:34',1579986297,'CLUSTERING',1592179774),(1592179845,'embedding_model_size_9.csv','2020-06-14 20:10:45','2020-06-14 20:10:45',1579986297,'CLUSTERING',1592179845),(1592430959,'1_group.csv','2020-06-17 17:55:59','2020-06-17 17:55:59',1579986297,'CORRELATION',1592430959),(1592430993,'1_group.csv','2020-06-17 17:56:33','2020-06-17 17:56:33',1579986297,'PCA',1592430993),(1592431021,'2_group.csv','2020-06-17 17:57:01','2020-06-17 17:57:01',1579986297,'PCA',1592431021),(1592431042,'4_group.csv','2020-06-17 17:57:22','2020-06-17 17:57:22',1579986297,'PCA-INCREMENTAL',1592431042),(1592431078,'1_group.csv','2020-06-17 17:57:58','2020-06-17 17:57:58',1579986297,'PCA-INCREMENTAL',1592431078),(1592431171,'3_group.csv','2020-06-17 17:59:31','2020-06-17 17:59:31',1579986297,'PCA-INCREMENTAL',1592431171),(1592431190,'3_group.csv','2020-06-17 17:59:50','2020-06-17 17:59:50',1579986297,'PCA-INCREMENTAL',1592431190),(1592431213,'4_group.csv','2020-06-17 18:00:13','2020-06-17 18:00:13',1579986297,'PCA-INCREMENTAL',1592431213),(1592431242,'5_group.csv','2020-06-17 18:00:42','2020-06-17 18:00:42',1579986297,'PCA-INCREMENTAL',1592431242),(1592689444,'alpha-beta-structure_group.csv','2020-06-20 17:44:04','2020-06-20 17:44:04',1579986297,'PCA',1592689444),(1592689466,'alpha-beta-structure_group.csv','2020-06-20 17:44:26','2020-06-20 17:44:26',1579986297,'PCA-INCREMENTAL',1592689466),(1592689486,'alpha-beta-structure_group.csv','2020-06-20 17:44:46','2020-06-20 17:44:46',1579986297,'PCA-INCREMENTAL',1592689486),(1592689552,'energetic_group.csv','2020-06-20 17:45:52','2020-06-20 17:45:52',1579986297,'PCA-INCREMENTAL',1592689552),(1592689599,'hydrophaty_group.csv','2020-06-20 17:46:39','2020-06-20 17:46:39',1579986297,'PCA-INCREMENTAL',1592689599),(1592689657,'hydrophaty_group.csv','2020-06-20 17:47:37','2020-06-20 17:47:37',1579986297,'PCA-INCREMENTAL',1592689657),(1593100428,'test.csv','2020-06-25 11:53:48','2020-06-25 11:53:48',1579986297,'CLASSIFICATION',1593100428),(1593100641,'test.csv','2020-06-25 11:57:21','2020-06-25 11:57:21',1579986297,'CLASSIFICATION',1593100641),(1593100832,'test.csv','2020-06-25 12:00:32','2020-06-25 12:00:32',1579986297,'CLASSIFICATION',1593100832),(1593206250,'test.csv','2020-06-26 17:17:30','2020-06-26 17:17:30',1576800852,'CLASSIFICATION',1593206250),(1593212916,'test.csv','2020-06-26 19:08:36','2020-06-26 19:08:36',1576800852,'CLASSIFICATION',1593212916),(1593214278,'test.csv','2020-06-26 19:31:18','2020-06-26 19:31:18',1576800852,'PREDICTION',1593214278),(1593215109,'test.csv','2020-06-26 19:45:09','2020-06-26 19:45:09',1576800852,'CLASSIFICATION',1593215109),(1593361744,'test.csv','2020-06-28 12:29:04','2020-06-28 12:29:04',1576800852,'PREDICTION',1593361744),(1593366548,'test.csv','2020-06-28 13:49:08','2020-06-28 13:49:08',1576800852,'PREDICTION',1593366548),(1593439361,'test.csv','2020-06-29 10:02:41','2020-06-29 10:02:41',1576800852,'CLASSIFICATION',1593439361),(1593464390,'test.csv','2020-06-29 16:59:50','2020-06-29 16:59:50',1576800852,'PREDICTION',1593464390),(1593465449,'test.csv','2020-06-29 17:17:29','2020-06-29 17:17:29',1576800852,'CLASSIFICATION',1593465449),(1593466306,'test.csv','2020-06-29 17:31:47','2020-06-29 17:31:47',1576800852,'PREDICTION',1593466306),(1595011287,'test.csv','2020-07-17 14:41:27','2020-07-17 14:41:27',1579986297,'CLASSIFICATION',1595011287),(1595087716,'training_dataset.csv','2020-07-18 11:55:16','2020-07-18 11:55:16',1579986297,'queue-PREDICTION',1595087716),(1595087752,'training_dataset.csv','2020-07-18 11:55:52','2020-07-18 11:55:52',1579986297,'queue-PREDICTION',1595087752),(1595087781,'training_dataset.csv','2020-07-18 11:56:21','2020-07-18 11:56:21',1579986297,'queue-PREDICTION',1595087781),(1595087818,'training_dataset.csv','2020-07-18 11:56:58','2020-07-18 11:56:58',1579986297,'queue-PREDICTION',1595087818),(1595106953,'training_dataset.csv','2020-07-18 17:15:53','2020-07-18 17:15:53',1579986297,'queue-PREDICTION',1595106953),(1595106982,'training_dataset.csv','2020-07-18 17:16:22','2020-07-18 17:16:22',1579986297,'queue-PREDICTION',1595106982),(1595107011,'training_dataset.csv','2020-07-18 17:16:51','2020-07-18 17:16:51',1579986297,'queue-PREDICTION',1595107011),(1595107053,'training_dataset.csv','2020-07-18 17:17:33','2020-07-18 17:17:33',1579986297,'queue-PREDICTION',1595107053),(1595141141,'training_dataset.csv','2020-07-19 02:45:41','2020-07-19 02:45:41',1579986297,'queue-PREDICTION',1595141141),(1595141170,'training_dataset.csv','2020-07-19 02:46:10','2020-07-19 02:46:10',1579986297,'queue-PREDICTION',1595141170),(1595141202,'training_dataset.csv','2020-07-19 02:46:42','2020-07-19 02:46:42',1579986297,'queue-PREDICTION',1595141202),(1595141244,'training_dataset.csv','2020-07-19 02:47:24','2020-07-19 02:47:24',1579986297,'queue-PREDICTION',1595141244),(1595145008,'training_dataset_change_class.csv','2020-07-19 03:50:08','2020-07-19 03:50:08',1579986297,'CLASSIFICATION',1595145008),(1595151590,'training_dataset.csv','2020-07-19 05:39:50','2020-07-19 05:39:50',1579986297,'queue-PREDICTION',1595151590),(1595151622,'training_dataset.csv','2020-07-19 05:40:22','2020-07-19 05:40:22',1579986297,'queue-PREDICTION',1595151622),(1595151663,'training_dataset.csv','2020-07-19 05:41:03','2020-07-19 05:41:03',1579986297,'queue-PREDICTION',1595151663),(1595151704,'training_dataset.csv','2020-07-19 05:41:44','2020-07-19 05:41:44',1579986297,'queue-PREDICTION',1595151704),(1595161157,'training_dataset.csv','2020-07-19 08:19:17','2020-07-19 08:19:17',1579986297,'queue-CLASSIFICATION',1595161157),(1595161190,'training_dataset.csv','2020-07-19 08:19:50','2020-07-19 08:19:50',1579986297,'queue-CLASSIFICATION',1595161190),(1595161220,'training_dataset.csv','2020-07-19 08:20:20','2020-07-19 08:20:20',1579986297,'queue-CLASSIFICATION',1595161220),(1595254850,'test.csv','2020-07-20 10:20:50','2020-07-20 10:20:50',1576800852,'CLASSIFICATION',1595254850),(1595254886,'1LZ1_SDM.csv','2020-07-20 10:21:26','2020-07-20 10:21:26',1576800852,'PREDICTION',1595254886),(1595316832,'centroids_full.csv','2020-07-21 03:33:52','2020-07-21 03:33:52',1579986297,'CLASSIFICATION',1595316832),(1595321738,'centroids_full.csv','2020-07-21 04:55:38','2020-07-21 04:55:38',1579986297,'CLASSIFICATION',1595321738),(1595618949,'joinAll.csv','2020-07-24 15:29:09','2020-07-24 15:29:09',1579986297,'CLUSTERING',1595618949),(1596320303,'1LZ1_SDM.csv','2020-08-01 18:18:23','2020-08-01 18:18:23',1576800852,'CLASSIFICATION',1596320303),(1600825295,'encoding_frequency.csv','2020-09-22 21:41:35','2020-09-22 21:41:35',1579986297,'CLUSTERING',1600825295),(1600992729,'dataset_characterized.csv','2020-09-24 20:12:09','2020-09-24 20:12:09',1579986297,'CLUSTERING',1600992729),(1606711869,'all_data_sex_age.csv','2020-11-29 23:51:09','2020-11-29 23:51:09',1579986297,'STATISTICAL',1606711869),(1606715284,'men_all.csv','2020-11-30 00:48:04','2020-11-30 00:48:04',1579986297,'STATISTICAL',1606715284),(1606715377,'healthy_all.csv','2020-11-30 00:49:37','2020-11-30 00:49:37',1579986297,'STATISTICAL',1606715377),(1606715434,'men_all.csv','2020-11-30 00:50:34','2020-11-30 00:50:34',1579986297,'STATISTICAL',1606715434),(1606715478,'non_healthy_all.csv','2020-11-30 00:51:18','2020-11-30 00:51:18',1579986297,'STATISTICAL',1606715478),(1606715558,'women_all.csv','2020-11-30 00:52:38','2020-11-30 00:52:38',1579986297,'STATISTICAL',1606715558),(1606715600,'healthy_men.csv','2020-11-30 00:53:20','2020-11-30 00:53:20',1579986297,'STATISTICAL',1606715600),(1606715662,'non_healthy_all.csv','2020-11-30 00:54:22','2020-11-30 00:54:22',1579986297,'STATISTICAL',1606715662),(1606715694,'non_healthy_men.csv','2020-11-30 00:54:54','2020-11-30 00:54:54',1579986297,'STATISTICAL',1606715694),(1613005850,'dataM1.csv','2021-02-10 20:10:50','2021-02-10 20:10:50',1612805160,'CLUSTERING',1613005850),(1613006511,'dataM1.csv','2021-02-10 20:21:51','2021-02-10 20:21:51',1612805160,'CLUSTERING',1613006511),(1613007218,'dataM1.csv','2021-02-10 20:33:38','2021-02-10 20:33:38',1612805160,'CLUSTERING',1613007218),(1613007365,'dataM1.csv','2021-02-10 20:36:05','2021-02-10 20:36:05',1612805160,'CLUSTERING',1613007365),(1613007441,'dataM1.csv','2021-02-10 20:37:21','2021-02-10 20:37:21',1612805160,'CLUSTERING',1613007441),(1613007533,'dataM1.csv','2021-02-10 20:38:53','2021-02-10 20:38:53',1612805160,'STATISTICAL-ANALYSIS',1613007533),(1613040481,'c6total.csv','2021-02-11 05:48:01','2021-02-11 05:48:01',1612805160,'CLUSTERING',1613040481),(1613040929,'c6total.csv','2021-02-11 05:55:29','2021-02-11 05:55:29',1612805160,'CLUSTERING',1613040929),(1613041061,'C6disp.csv','2021-02-11 05:57:41','2021-02-11 05:57:41',1612805160,'CLUSTERING',1613041061),(1613041203,'C6disp.csv','2021-02-11 06:00:03','2021-02-11 06:00:03',1612805160,'CLUSTERING',1613041203),(1613041291,'C6disp.csv','2021-02-11 06:01:31','2021-02-11 06:01:31',1612805160,'CLUSTERING',1613041291),(1613041561,'C6disp.csv','2021-02-11 06:06:01','2021-02-11 06:06:01',1612805160,'CLUSTERING',1613041561),(1613041611,'C6disp.csv','2021-02-11 06:06:51','2021-02-11 06:06:51',1612805160,'CLUSTERING',1613041611),(1613046020,'C6disp.csv','2021-02-11 07:20:20','2021-02-11 07:20:20',1612805160,'CLUSTERING',1613046020),(1613056486,'C5C6total.txt','2021-02-11 10:14:46','2021-02-11 10:14:46',1612805160,'CLUSTERING',1613056486),(1613059567,'C5C6disp.csv','2021-02-11 11:06:07','2021-02-11 11:06:07',1612805160,'CLUSTERING',1613059567),(1613060413,'C6disp.csv','2021-02-11 11:20:13','2021-02-11 11:20:13',1612805160,'CLUSTERING',1613060413),(1613063507,'C6disp.csv','2021-02-11 12:11:47','2021-02-11 12:11:47',1612805160,'CLUSTERING',1613063507),(1613064239,'C6disp.csv','2021-02-11 12:23:59','2021-02-11 12:23:59',1612805160,'CLUSTERING',1613064239),(1613064619,'C6disp.csv','2021-02-11 12:30:19','2021-02-11 12:30:19',1612805160,'CLUSTERING',1613064619),(1613064688,'C6disp.csv','2021-02-11 12:31:28','2021-02-11 12:31:28',1612805160,'CLUSTERING',1613064688),(1613064797,'C6disp.csv','2021-02-11 12:33:17','2021-02-11 12:33:17',1612805160,'CLUSTERING',1613064797),(1613069478,'C6disp.csv','2021-02-11 13:51:18','2021-02-11 13:51:18',1612805160,'CLUSTERING',1613069478),(1613069671,'C6disp.csv','2021-02-11 13:54:31','2021-02-11 13:54:31',1612805160,'CLUSTERING',1613069671),(1613069897,'C6disp.csv','2021-02-11 13:58:17','2021-02-11 13:58:17',1612805160,'CLUSTERING',1613069897),(1613070554,'C6disp.csv','2021-02-11 14:09:14','2021-02-11 14:09:14',1612805160,'CLUSTERING',1613070554),(1613071892,'C6disp.csv','2021-02-11 14:31:32','2021-02-11 14:31:32',1612805160,'CLUSTERING',1613071892),(1613071946,'C6disp.csv','2021-02-11 14:32:26','2021-02-11 14:32:26',1612805160,'CLUSTERING',1613071946),(1613071980,'C6disp.csv','2021-02-11 14:33:00','2021-02-11 14:33:00',1612805160,'CLUSTERING',1613071980),(1613072066,'C6disp.csv','2021-02-11 14:34:26','2021-02-11 14:34:26',1612805160,'CLUSTERING',1613072066),(1613392390,'C6total2.csv','2021-02-15 07:33:11','2021-02-15 07:33:11',1612805160,'CLUSTERING',1613392390),(1613392747,'C6disp.csv','2021-02-15 07:39:07','2021-02-15 07:39:07',1612805160,'CLUSTERING',1613392747),(1613394217,'C6disp.csv','2021-02-15 08:03:37','2021-02-15 08:03:37',1612805160,'CLUSTERING',1613394217),(1613394515,'C6disp.csv','2021-02-15 08:08:35','2021-02-15 08:08:35',1612805160,'CLUSTERING',1613394515),(1613394840,'C6disp.csv','2021-02-15 08:14:00','2021-02-15 08:14:00',1612805160,'CLUSTERING',1613394840),(1613402495,'C6DMAKit.csv','2021-02-15 10:21:35','2021-02-15 10:21:35',1612805160,'CLUSTERING',1613402495),(1613413125,'C5DMAKit.csv','2021-02-15 13:18:45','2021-02-15 13:18:45',1612805160,'CLUSTERING',1613413125),(1613413258,'C5DMAKit.csv','2021-02-15 13:20:59','2021-02-15 13:20:59',1612805160,'CLUSTERING',1613413258),(1613413730,'C5DMAKit.csv','2021-02-15 13:28:50','2021-02-15 13:28:50',1612805160,'CLUSTERING',1613413730),(1613666503,'C6disp_flujo.csv','2021-02-18 11:41:43','2021-02-18 11:41:43',1612805160,'CLUSTERING',1613666503),(1613685411,'2.csv','2021-02-18 16:56:51','2021-02-18 16:56:51',1576800852,'PREDICTION',1613685411),(1613685481,'iris.csv','2021-02-18 16:58:01','2021-02-18 16:58:01',1576800852,'PREDICTION',1613685481),(1613685714,'iris.csv','2021-02-18 17:01:54','2021-02-18 17:01:54',1576800852,'PREDICTION',1613685714),(1613688337,'iris.csv','2021-02-18 17:45:37','2021-02-18 17:45:37',1576800852,'CLASSIFICATION',1613688337),(1613701461,'iris.csv','2021-02-18 21:24:21','2021-02-18 21:24:21',1576800852,'CLASSIFICATION',1613701461),(1613791921,'iris.csv','2021-02-19 22:32:01','2021-02-19 22:32:01',1576800852,'PREDICTION',1613791921);
/*!40000 ALTER TABLE `dataSet` ENABLE KEYS */;
UNLOCK TABLES;

--
-- Table structure for table `feature`
--

DROP TABLE IF EXISTS `feature`;
/*!40101 SET @saved_cs_client     = @@character_set_client */;
/*!40101 SET character_set_client = utf8 */;
CREATE TABLE `feature` (
  `idfeature` int(11) NOT NULL AUTO_INCREMENT,
  `nameFeature` varchar(45) NOT NULL,
  `kind` varchar(45) NOT NULL,
  `dataSet` int(11) NOT NULL,
  PRIMARY KEY (`idfeature`),
  KEY `fk_feature_dataSet1_idx` (`dataSet`),
  CONSTRAINT `fk_feature_dataSet1` FOREIGN KEY (`dataSet`) REFERENCES `dataSet` (`iddataSet`) ON DELETE CASCADE ON UPDATE CASCADE
) ENGINE=InnoDB AUTO_INCREMENT=11525 DEFAULT CHARSET=utf8;
/*!40101 SET character_set_client = @saved_cs_client */;

--
-- Dumping data for table `feature`
--

LOCK TABLES `feature` WRITE;
/*!40000 ALTER TABLE `feature` DISABLE KEYS */;
INSERT INTO `feature` VALUES (10703,'AAWT','DISCRETA',1576802285),(10704,'Pos','CONTINUA',1576802285),(10705,'AAMT','DISCRETA',1576802285),(10706,'ChainID','DISCRETA',1576802285),(10707,'WT_SSE','DISCRETA',1576802285),(10708,'WT_RSA','CONTINUA',1576802285),(10709,'WT_DEPTH','CONTINUA',1576802285),(10710,'WT_OSP','CONTINUA',1576802285),(10711,'MT_SSE','DISCRETA',1576802285),(10712,'MT_RSA','CONTINUA',1576802285),(10713,'MT_DEPTH','CONTINUA',1576802285),(10714,'MT_OSP','CONTINUA',1576802285),(10715,'DDG','CONTINUA',1576802285),(10716,'Outcome','DISCRETA',1576802285),(10717,'AAWT','DISCRETA',1576802390),(10718,'Pos','CONTINUA',1576802390),(10719,'AAMT','DISCRETA',1576802390),(10720,'ChainID','DISCRETA',1576802390),(10721,'WT_SSE','DISCRETA',1576802390),(10722,'WT_RSA','CONTINUA',1576802390),(10723,'WT_DEPTH','CONTINUA',1576802390),(10724,'WT_OSP','CONTINUA',1576802390),(10725,'MT_SSE','DISCRETA',1576802390),(10726,'MT_RSA','CONTINUA',1576802390),(10727,'MT_DEPTH','CONTINUA',1576802390),(10728,'MT_OSP','CONTINUA',1576802390),(10729,'DDG','CONTINUA',1576802390),(10730,'Response','CONTINUA',1576802390),(10731,'AAWT','DISCRETA',1576969946),(10732,'Pos','CONTINUA',1576969946),(10733,'AAMT','DISCRETA',1576969946),(10734,'ChainID','DISCRETA',1576969946),(10735,'WT_SSE','DISCRETA',1576969946),(10736,'WT_RSA','CONTINUA',1576969946),(10737,'WT_DEPTH','CONTINUA',1576969946),(10738,'WT_OSP','CONTINUA',1576969946),(10739,'MT_SSE','DISCRETA',1576969946),(10740,'MT_RSA','CONTINUA',1576969946),(10741,'MT_DEPTH','CONTINUA',1576969946),(10742,'MT_OSP','CONTINUA',1576969946),(10743,'DDG','CONTINUA',1576969946),(10744,'Outcome','DISCRETA',1576969946),(10745,'AAWT','DISCRETA',1576970191),(10746,'Pos','CONTINUA',1576970191),(10747,'AAMT','DISCRETA',1576970191),(10748,'ChainID','DISCRETA',1576970191),(10749,'WT_SSE','DISCRETA',1576970191),(10750,'WT_RSA','CONTINUA',1576970191),(10751,'WT_DEPTH','CONTINUA',1576970191),(10752,'WT_OSP','CONTINUA',1576970191),(10753,'MT_SSE','DISCRETA',1576970191),(10754,'MT_RSA','CONTINUA',1576970191),(10755,'MT_DEPTH','CONTINUA',1576970191),(10756,'MT_OSP','CONTINUA',1576970191),(10757,'DDG','CONTINUA',1576970191),(10758,'Response','CONTINUA',1576970191),(10759,'lenData','CONTINUA',1579986438),(10760,'lenData','CONTINUA',1579986578),(10761,'lenData','CONTINUA',1579986671),(10762,'lenData','CONTINUA',1579986711),(10763,'lenData','CONTINUA',1579986766),(10764,'Unnamed: 0','CONTINUA',1581176688),(10765,'algorithm','DISCRETA',1581176688),(10766,'params','DISCRETA',1581176688),(10767,'groups','CONTINUA',1581176688),(10768,'calinski_harabaz_score','CONTINUA',1581176688),(10769,'silhouette_score','CONTINUA',1581176688),(10770,'Unnamed: 0','CONTINUA',1581176974),(10771,'algorithm','DISCRETA',1581176974),(10772,'params','DISCRETA',1581176974),(10773,'groups','CONTINUA',1581176974),(10774,'calinski_harabaz_score','CONTINUA',1581176974),(10775,'silhouette_score','CONTINUA',1581176974),(10776,'pos_1','CONTINUA',1582748359),(10777,'pos_2','CONTINUA',1582748359),(10778,'pos_3','CONTINUA',1582748359),(10779,'pos_4','CONTINUA',1582748359),(10780,'pos_5','CONTINUA',1582748359),(10781,'pos_6','CONTINUA',1582748359),(10782,'pos_7','CONTINUA',1582748359),(10783,'pos_8','CONTINUA',1582748359),(10784,'pos_9','CONTINUA',1582748359),(10785,'pos_10','CONTINUA',1582748359),(10786,'pos_11','CONTINUA',1582748359),(10787,'pos_12','CONTINUA',1582748359),(10788,'pos_13','CONTINUA',1582748359),(10789,'pos_14','CONTINUA',1582748359),(10790,'pos_15','CONTINUA',1582748359),(10791,'pos_16','CONTINUA',1582748359),(10792,'pos_17','CONTINUA',1582748359),(10793,'pos_18','CONTINUA',1582748359),(10794,'pos_19','CONTINUA',1582748359),(10795,'pos_20','CONTINUA',1582748359),(10796,'pos_21','CONTINUA',1582748359),(10797,'pos_22','CONTINUA',1582748359),(10798,'pos_23','CONTINUA',1582748359),(10799,'pos_24','CONTINUA',1582748359),(10800,'pos_25','CONTINUA',1582748359),(10801,'pos_26','CONTINUA',1582748359),(10802,'pos_27','CONTINUA',1582748359),(10803,'pos_28','CONTINUA',1582748359),(10804,'pos_29','CONTINUA',1582748359),(10805,'pos_30','CONTINUA',1582748359),(10806,'pos_31','CONTINUA',1582748359),(10807,'pos_32','CONTINUA',1582748359),(10808,'pos_33','CONTINUA',1582748359),(10809,'response','CONTINUA',1582748359),(10810,'sequenceID','DISCRETA',1583888858),(10811,'wild_residue','DISCRETA',1583888858),(10812,'pos','CONTINUA',1583888858),(10813,'mut_residue','DISCRETA',1583888858),(10814,'sequenceID','DISCRETA',1583889435),(10815,'wild_residue','DISCRETA',1583889435),(10816,'pos','CONTINUA',1583889435),(10817,'mut_residue','DISCRETA',1583889435),(10818,'calinski','CONTINUA',1585128579),(10819,'siluetas','CONTINUA',1585128579),(10820,'params','DISCRETA',1585128579),(10821,'calinski','CONTINUA',1585128673),(10822,'siluetas','CONTINUA',1585128673),(10823,'params','DISCRETA',1585128673),(10824,'reaction','DISCRETA',1585529500),(10825,'Plate Alias','DISCRETA',1585529500),(10826,'Sample_ID','DISCRETA',1585529500),(10827,'wellposition','DISCRETA',1585529500),(10828,'Well Type','DISCRETA',1585529500),(10829,'ketone_area','CONTINUA',1585529500),(10830,'OH_E1_area','CONTINUA',1585529500),(10831,'OH_E2_area','CONTINUA',1585529500),(10832,'ketone_area Conc','CONTINUA',1585529500),(10833,'OH_E1_area Conc','CONTINUA',1585529500),(10834,'OH_E2_area Conc','CONTINUA',1585529500),(10835,'Total Conc','CONTINUA',1585529500),(10836,'Mass Balance','CONTINUA',1585529500),(10837,'EE','CONTINUA',1585529500),(10838,'Total Product Conc','CONTINUA',1585529500),(10839,'Relative Conversion','CONTINUA',1585529500),(10840,'% Conversion','CONTINUA',1585529500),(10841,'Pos Control Avg ketone_area','CONTINUA',1585529500),(10842,'Pos Control SD ketone_area','CONTINUA',1585529500),(10843,'Pos Control %CV ketone_area','CONTINUA',1585529500),(10844,'Pos Control FIOP ketone_area','CONTINUA',1585529500),(10845,'Pos Control Avg OH_E1_area','CONTINUA',1585529500),(10846,'Pos Control SD OH_E1_area','CONTINUA',1585529500),(10847,'Pos Control %CV OH_E1_area','CONTINUA',1585529500),(10848,'Pos Control FIOP OH_E1_area','CONTINUA',1585529500),(10849,'Pos Control Avg OH_E2_area','CONTINUA',1585529500),(10850,'Pos Control SD OH_E2_area','CONTINUA',1585529500),(10851,'Pos Control %CV OH_E2_area','CONTINUA',1585529500),(10852,'Pos Control FIOP OH_E2_area','CONTINUA',1585529500),(10853,'Prod 1 Cal Curve','CONTINUA',1585529500),(10854,'Prod 2 Cal Curve','CONTINUA',1585529500),(10855,'Substrate Cal Curve','CONTINUA',1585529500),(10856,'Substrate MOL2','DISCRETA',1585529500),(10857,'Product 1 MOL2','CONTINUA',1585529500),(10858,'Product 2 MOL2','CONTINUA',1585529500),(10859,'Reaction Substrate Loading (g/L)','CONTINUA',1585529500),(10860,'Lysate Loading g/L (%v/v)','CONTINUA',1585529500),(10861,'Reaction Buffer Conditions','DISCRETA',1585529500),(10862,'Reaction Time (H)','CONTINUA',1585529500),(10863,'Reaction Temperature (C)','CONTINUA',1585529500),(10864,'Reaction Workup Conditions','DISCRETA',1585529500),(10865,'GC Column','DISCRETA',1585529500),(10866,'GC Method','DISCRETA',1585529500),(10867,'Shaking (rpm)','CONTINUA',1585529500),(10868,'Substrate SMILES','DISCRETA',1585529500),(10869,'Product 1 SMILES','DISCRETA',1585529500),(10870,'Product 2 SMILES','DISCRETA',1585529500),(10871,'Substrate','DISCRETA',1585529500),(10872,'noise_classify','CONTINUA',1585529500),(10873,'A1','CONTINUA',1585996926),(10874,'A2','CONTINUA',1585996926),(10875,'A3','CONTINUA',1585996926),(10876,'A4','CONTINUA',1585996926),(10877,'A5','CONTINUA',1585996926),(10878,'A6','CONTINUA',1585996926),(10879,'A7','CONTINUA',1585996926),(10880,'A8','CONTINUA',1585996926),(10881,'A9','CONTINUA',1585996926),(10882,'A10','CONTINUA',1585996926),(10883,'A11','CONTINUA',1585996926),(10884,'A12','CONTINUA',1585996926),(10885,'A13','CONTINUA',1585996926),(10886,'A14','CONTINUA',1585996926),(10887,'A15','CONTINUA',1585996926),(10888,'A16','CONTINUA',1585996926),(10889,'A17','CONTINUA',1585996926),(10890,'A18','CONTINUA',1585996926),(10891,'A19','CONTINUA',1585996926),(10892,'A20','CONTINUA',1585996926),(10893,'P1','CONTINUA',1585996993),(10894,'P2','CONTINUA',1585996993),(10895,'P3','CONTINUA',1585996993),(10896,'P4','CONTINUA',1585996993),(10897,'P5','CONTINUA',1585996993),(10898,'P6','CONTINUA',1585996993),(10899,'P7','CONTINUA',1585996993),(10900,'P8','CONTINUA',1585996993),(10901,'P9','CONTINUA',1585996993),(10902,'P10','CONTINUA',1585996993),(10903,'P11','CONTINUA',1585996993),(10904,'P12','CONTINUA',1585996993),(10905,'P13','CONTINUA',1585996993),(10906,'P1','CONTINUA',1585997617),(10907,'P2','CONTINUA',1585997617),(10908,'P3','CONTINUA',1585997617),(10909,'P4','CONTINUA',1585997617),(10910,'P5','CONTINUA',1585997617),(10911,'P6','CONTINUA',1585997617),(10912,'P7','CONTINUA',1585997617),(10913,'P8','CONTINUA',1585997617),(10914,'P9','CONTINUA',1585997617),(10915,'P10','CONTINUA',1585997617),(10916,'P11','CONTINUA',1585997617),(10917,'P12','CONTINUA',1585997617),(10918,'P13','CONTINUA',1585997617),(10919,'A1','CONTINUA',1585998171),(10920,'A2','CONTINUA',1585998171),(10921,'A3','CONTINUA',1585998171),(10922,'A4','CONTINUA',1585998171),(10923,'A5','CONTINUA',1585998171),(10924,'A6','CONTINUA',1585998171),(10925,'A7','CONTINUA',1585998171),(10926,'A8','CONTINUA',1585998171),(10927,'A9','CONTINUA',1585998171),(10928,'A10','CONTINUA',1585998171),(10929,'A11','CONTINUA',1585998171),(10930,'A12','CONTINUA',1585998171),(10931,'A13','CONTINUA',1585998171),(10932,'A14','CONTINUA',1585998171),(10933,'A15','CONTINUA',1585998171),(10934,'A16','CONTINUA',1585998171),(10935,'A17','CONTINUA',1585998171),(10936,'A18','CONTINUA',1585998171),(10937,'A19','CONTINUA',1585998171),(10938,'A20','CONTINUA',1585998171),(10939,'A1','CONTINUA',1586006132),(10940,'A2','CONTINUA',1586006132),(10941,'A3','CONTINUA',1586006132),(10942,'A4','CONTINUA',1586006132),(10943,'A5','CONTINUA',1586006132),(10944,'A6','CONTINUA',1586006132),(10945,'A7','CONTINUA',1586006132),(10946,'A8','CONTINUA',1586006132),(10947,'A9','CONTINUA',1586006132),(10948,'A10','CONTINUA',1586006132),(10949,'A11','CONTINUA',1586006132),(10950,'A12','CONTINUA',1586006132),(10951,'A13','CONTINUA',1586006132),(10952,'A14','CONTINUA',1586006132),(10953,'A15','CONTINUA',1586006132),(10954,'A16','CONTINUA',1586006132),(10955,'A17','CONTINUA',1586006132),(10956,'A18','CONTINUA',1586006132),(10957,'A19','CONTINUA',1586006132),(10958,'A20','CONTINUA',1586006132),(10959,'PiS','CONTINUA',1586016832),(10960,'PiM','CONTINUA',1586016832),(10961,'PiG','CONTINUA',1586016832),(10962,'PiJG','CONTINUA',1586016832),(10963,'PiJD','CONTINUA',1586016832),(10964,'PiHR','CONTINUA',1586016832),(10965,'PiB','CONTINUA',1586016832),(10966,'PiR','CONTINUA',1586016832),(10967,'Piw','CONTINUA',1586016832),(10968,'PiX','CONTINUA',1586016832),(10969,'Pitau','CONTINUA',1586016832),(10970,'PiJ','CONTINUA',1586016832),(10971,'PiJM','CONTINUA',1586016832),(10972,'PiMG','CONTINUA',1586016832),(10973,'PiH','CONTINUA',1586016832),(10974,'PiC','CONTINUA',1586016832),(10975,'PiD','CONTINUA',1586016832),(10976,'PiI','CONTINUA',1586016832),(10977,'Pigamma','CONTINUA',1586016832),(10978,'PiN','CONTINUA',1586016832),(10979,'PiS','CONTINUA',1586016878),(10980,'PiM','CONTINUA',1586016878),(10981,'PiG','CONTINUA',1586016878),(10982,'PiJG','CONTINUA',1586016878),(10983,'PiJD','CONTINUA',1586016878),(10984,'PiHR','CONTINUA',1586016878),(10985,'PiB','CONTINUA',1586016878),(10986,'PiR','CONTINUA',1586016878),(10987,'Piw','CONTINUA',1586016878),(10988,'PiX','CONTINUA',1586016878),(10989,'Pitau','CONTINUA',1586016878),(10990,'PiJ','CONTINUA',1586016878),(10991,'PiJM','CONTINUA',1586016878),(10992,'PiMG','CONTINUA',1586016878),(10993,'PiH','CONTINUA',1586016878),(10994,'PiC','CONTINUA',1586016878),(10995,'PiD','CONTINUA',1586016878),(10996,'PiI','CONTINUA',1586016878),(10997,'Pigamma','CONTINUA',1586016878),(10998,'PiN','CONTINUA',1586016878),(10999,'Kjs','CONTINUA',1586084869),(11000,'Kgj','CONTINUA',1586084869),(11001,'Klj','CONTINUA',1586084869),(11002,'tau','CONTINUA',1586084869),(11003,'Klg','CONTINUA',1586084869),(11004,'Kxg','CONTINUA',1586084869),(11005,'Kxgi','CONTINUA',1586084869),(11006,'c','CONTINUA',1586084869),(11007,'klambda','CONTINUA',1586084869),(11008,'fgi','CONTINUA',1586084869),(11009,'Kxi','CONTINUA',1586084869),(11010,'gamma','CONTINUA',1586084869),(11011,'beta','CONTINUA',1586084869),(11012,'D','CONTINUA',1586084869),(11013,'Gb','CONTINUA',1586084869),(11014,'Ib','CONTINUA',1586084869),(11015,'Kjs','CONTINUA',1586085009),(11016,'Kgj','CONTINUA',1586085009),(11017,'Klj','CONTINUA',1586085009),(11018,'tau','CONTINUA',1586085009),(11019,'Klg','CONTINUA',1586085009),(11020,'Kxg','CONTINUA',1586085009),(11021,'Kxgi','CONTINUA',1586085009),(11022,'c','CONTINUA',1586085009),(11023,'klambda','CONTINUA',1586085009),(11024,'fgi','CONTINUA',1586085009),(11025,'Kxi','CONTINUA',1586085009),(11026,'gamma','CONTINUA',1586085009),(11027,'beta','CONTINUA',1586085009),(11028,'D','CONTINUA',1586085009),(11029,'Gb','CONTINUA',1586085009),(11030,'Ib','CONTINUA',1586085009),(11031,'Kjs','CONTINUA',1586085336),(11032,'Kgj','CONTINUA',1586085336),(11033,'Klj','CONTINUA',1586085336),(11034,'tau','CONTINUA',1586085336),(11035,'Klg','CONTINUA',1586085336),(11036,'Kxg','CONTINUA',1586085336),(11037,'Kxgi','CONTINUA',1586085336),(11038,'c','CONTINUA',1586085336),(11039,'klambda','CONTINUA',1586085336),(11040,'fgi','CONTINUA',1586085336),(11041,'Kxi','CONTINUA',1586085336),(11042,'gamma','CONTINUA',1586085336),(11043,'beta','CONTINUA',1586085336),(11044,'D','CONTINUA',1586085336),(11045,'Gb','CONTINUA',1586085336),(11046,'Ib','CONTINUA',1586085336),(11047,'PiS','CONTINUA',1586108081),(11048,'PiM','CONTINUA',1586108081),(11049,'PiG','CONTINUA',1586108081),(11050,'PiJG','CONTINUA',1586108081),(11051,'PiJD','CONTINUA',1586108081),(11052,'PiHR','CONTINUA',1586108081),(11053,'PiB','CONTINUA',1586108081),(11054,'PiR','CONTINUA',1586108081),(11055,'Piw','CONTINUA',1586108081),(11056,'PiX','CONTINUA',1586108081),(11057,'Pitau','CONTINUA',1586108081),(11058,'PiJ','CONTINUA',1586108081),(11059,'PiJM','CONTINUA',1586108081),(11060,'PiMG','CONTINUA',1586108081),(11061,'PiH','CONTINUA',1586108081),(11062,'PiC','CONTINUA',1586108081),(11063,'PiD','CONTINUA',1586108081),(11064,'PiI','CONTINUA',1586108081),(11065,'Pigamma','CONTINUA',1586108081),(11066,'PiN','CONTINUA',1586108081),(11067,'sepal.length','CONTINUA',1588723046),(11068,'sepal.width','CONTINUA',1588723046),(11069,'petal.length','CONTINUA',1588723046),(11070,'petal.width','CONTINUA',1588723046),(11071,'variety','DISCRETA',1588723046),(11072,'sepal.length','CONTINUA',1588723082),(11073,'sepal.width','CONTINUA',1588723082),(11074,'petal.length','CONTINUA',1588723082),(11075,'petal.width','CONTINUA',1588723082),(11076,'variety','DISCRETA',1588723082),(11077,'sepal.length','CONTINUA',1588723106),(11078,'sepal.width','CONTINUA',1588723106),(11079,'petal.length','CONTINUA',1588723106),(11080,'petal.width','CONTINUA',1588723106),(11081,'variety','DISCRETA',1588723106),(11082,'sepal.length','CONTINUA',1588723135),(11083,'sepal.width','CONTINUA',1588723135),(11084,'petal.length','CONTINUA',1588723135),(11085,'petal.width','CONTINUA',1588723135),(11086,'variety','DISCRETA',1588723135),(11087,'sepal.length','CONTINUA',1588723164),(11088,'sepal.width','CONTINUA',1588723164),(11089,'petal.length','CONTINUA',1588723164),(11090,'petal.width','CONTINUA',1588723164),(11091,'variety','DISCRETA',1588723164),(11092,'sepal.length','CONTINUA',1588723212),(11093,'sepal.width','CONTINUA',1588723212),(11094,'petal.length','CONTINUA',1588723212),(11095,'petal.width','CONTINUA',1588723212),(11096,'variety','DISCRETA',1588723212),(11097,'sepal.length','CONTINUA',1588723288),(11098,'sepal.width','CONTINUA',1588723288),(11099,'petal.length','CONTINUA',1588723288),(11100,'petal.width','CONTINUA',1588723288),(11101,'variety','DISCRETA',1588723288),(11102,'sepal.length','CONTINUA',1588761349),(11103,'sepal.width','CONTINUA',1588761349),(11104,'petal.length','CONTINUA',1588761349),(11105,'petal.width','CONTINUA',1588761349),(11106,'variety','DISCRETA',1588761349),(11107,'sepal.length','CONTINUA',1588761671),(11108,'sepal.width','CONTINUA',1588761671),(11109,'petal.length','CONTINUA',1588761671),(11110,'petal.width','CONTINUA',1588761671),(11111,'variety','DISCRETA',1588761671),(11112,'Index','CONTINUA',1588762330),(11113,'PDBFile','DISCRETA',1588762330),(11114,'ChainID','DISCRETA',1588762330),(11115,'Mutation','DISCRETA',1588762330),(11116,'WT_SSE','DISCRETA',1588762330),(11117,'WT_RSA','CONTINUA',1588762330),(11118,'WT_DEPTH','CONTINUA',1588762330),(11119,'WT_OSP','CONTINUA',1588762330),(11120,'WT_SS','DISCRETA',1588762330),(11121,'WT_SN','DISCRETA',1588762330),(11122,'WT_SO','DISCRETA',1588762330),(11123,'MT_SSE','DISCRETA',1588762330),(11124,'MT_RSA','CONTINUA',1588762330),(11125,'MT_DEPTH','CONTINUA',1588762330),(11126,'MT_OSP','CONTINUA',1588762330),(11127,'MT_SS','DISCRETA',1588762330),(11128,'MT_SN','DISCRETA',1588762330),(11129,'MT_SO','DISCRETA',1588762330),(11130,'Predicted','CONTINUA',1588762330),(11131,'Outcome','DISCRETA',1588762330),(11132,'Index','CONTINUA',1588762458),(11133,'PDBFile','DISCRETA',1588762458),(11134,'ChainID','DISCRETA',1588762458),(11135,'Mutation','DISCRETA',1588762458),(11136,'WT_SSE','DISCRETA',1588762458),(11137,'WT_RSA','CONTINUA',1588762458),(11138,'WT_DEPTH','CONTINUA',1588762458),(11139,'WT_OSP','CONTINUA',1588762458),(11140,'WT_SS','DISCRETA',1588762458),(11141,'WT_SN','DISCRETA',1588762458),(11142,'WT_SO','DISCRETA',1588762458),(11143,'MT_SSE','DISCRETA',1588762458),(11144,'MT_RSA','CONTINUA',1588762458),(11145,'MT_DEPTH','CONTINUA',1588762458),(11146,'MT_OSP','CONTINUA',1588762458),(11147,'MT_SS','DISCRETA',1588762458),(11148,'MT_SN','DISCRETA',1588762458),(11149,'MT_SO','DISCRETA',1588762458),(11150,'Predicted','CONTINUA',1588762458),(11151,'Outcome','DISCRETA',1588762458),(11152,'sepal.length','CONTINUA',1588764140),(11153,'sepal.width','CONTINUA',1588764140),(11154,'petal.length','CONTINUA',1588764140),(11155,'petal.width','CONTINUA',1588764140),(11156,'variety','DISCRETA',1588764140),(11157,'sepal.length','CONTINUA',1588843638),(11158,'sepal.width','CONTINUA',1588843638),(11159,'petal.length','CONTINUA',1588843638),(11160,'petal.width','CONTINUA',1588843638),(11161,'variety','DISCRETA',1588843638),(11162,'sepal.length','CONTINUA',1588845782),(11163,'sepal.width','CONTINUA',1588845782),(11164,'petal.length','CONTINUA',1588845782),(11165,'petal.width','CONTINUA',1588845782),(11166,'variety','DISCRETA',1588845782),(11167,'sepal.length','CONTINUA',1588847545),(11168,'sepal.width','CONTINUA',1588847545),(11169,'petal.length','CONTINUA',1588847545),(11170,'petal.width','CONTINUA',1588847545),(11171,'variety','DISCRETA',1588847545),(11172,'sepal.length','CONTINUA',1588848840),(11173,'sepal.width','CONTINUA',1588848840),(11174,'petal.length','CONTINUA',1588848840),(11175,'petal.width','CONTINUA',1588848840),(11176,'variety','DISCRETA',1588848840),(11177,'sepal.length','CONTINUA',1588849283),(11178,'sepal.width','CONTINUA',1588849283),(11179,'petal.length','CONTINUA',1588849283),(11180,'petal.width','CONTINUA',1588849283),(11181,'variety','DISCRETA',1588849283),(11182,'sepal.length','CONTINUA',1588850035),(11183,'sepal.width','CONTINUA',1588850035),(11184,'petal.length','CONTINUA',1588850035),(11185,'petal.width','CONTINUA',1588850035),(11186,'variety','DISCRETA',1588850035),(11187,'sepal.length','CONTINUA',1588851843),(11188,'sepal.width','CONTINUA',1588851843),(11189,'petal.length','CONTINUA',1588851843),(11190,'petal.width','CONTINUA',1588851843),(11191,'variety','DISCRETA',1588851843),(11192,'sepal.length','CONTINUA',1588851868),(11193,'sepal.width','CONTINUA',1588851868),(11194,'petal.length','CONTINUA',1588851868),(11195,'petal.width','CONTINUA',1588851868),(11196,'variety','DISCRETA',1588851868),(11197,'sepal.length','CONTINUA',1588852937),(11198,'sepal.width','CONTINUA',1588852937),(11199,'petal.length','CONTINUA',1588852937),(11200,'petal.width','CONTINUA',1588852937),(11201,'variety','DISCRETA',1588852937),(11202,'sepal.length','CONTINUA',1588870646),(11203,'sepal.width','CONTINUA',1588870646),(11204,'petal.length','CONTINUA',1588870646),(11205,'petal.width','CONTINUA',1588870646),(11206,'variety','DISCRETA',1588870646),(11207,'sepal.length','CONTINUA',1588874179),(11208,'sepal.width','CONTINUA',1588874179),(11209,'petal.length','CONTINUA',1588874179),(11210,'petal.width','CONTINUA',1588874179),(11211,'variety','DISCRETA',1588874179),(11212,'sepal.length','CONTINUA',1588875904),(11213,'sepal.width','CONTINUA',1588875904),(11214,'petal.length','CONTINUA',1588875904),(11215,'petal.width','CONTINUA',1588875904),(11216,'variety','DISCRETA',1588875904),(11217,'sepal.length','CONTINUA',1588922407),(11218,'sepal.width','CONTINUA',1588922407),(11219,'petal.length','CONTINUA',1588922407),(11220,'petal.width','CONTINUA',1588922407),(11221,'variety','DISCRETA',1588922407),(11222,'sepal.length','CONTINUA',1589185376),(11223,'sepal.width','CONTINUA',1589185376),(11224,'petal.length','CONTINUA',1589185376),(11225,'petal.width','CONTINUA',1589185376),(11226,'variety','DISCRETA',1589185376),(11227,'sepal.length','CONTINUA',1589186168),(11228,'sepal.width','CONTINUA',1589186168),(11229,'petal.length','CONTINUA',1589186168),(11230,'petal.width','CONTINUA',1589186168),(11231,'variety','DISCRETA',1589186168),(11234,'ChainID','DISCRETA',1593100428),(11235,'Mutation','DISCRETA',1593100428),(11236,'WT_SSE','DISCRETA',1593100428),(11237,'WT_RSA','CONTINUA',1593100428),(11238,'WT_DEPTH','CONTINUA',1593100428),(11239,'WT_OSP','CONTINUA',1593100428),(11240,'WT_SS','DISCRETA',1593100428),(11241,'WT_SN','DISCRETA',1593100428),(11242,'WT_SO','DISCRETA',1593100428),(11243,'MT_SSE','DISCRETA',1593100428),(11244,'MT_RSA','CONTINUA',1593100428),(11245,'MT_DEPTH','CONTINUA',1593100428),(11246,'MT_OSP','CONTINUA',1593100428),(11247,'MT_SS','DISCRETA',1593100428),(11248,'MT_SN','DISCRETA',1593100428),(11249,'MT_SO','DISCRETA',1593100428),(11250,'Predicted','CONTINUA',1593100428),(11251,'Outcome','DISCRETA',1593100428),(11252,'Mutation','DISCRETA',1593100641),(11253,'WT_SSE','DISCRETA',1593100641),(11254,'WT_RSA','CONTINUA',1593100641),(11255,'WT_DEPTH','CONTINUA',1593100641),(11256,'WT_SS','DISCRETA',1593100641),(11257,'WT_SN','DISCRETA',1593100641),(11258,'WT_SO','DISCRETA',1593100641),(11259,'MT_SSE','DISCRETA',1593100641),(11260,'MT_RSA','CONTINUA',1593100641),(11261,'MT_DEPTH','CONTINUA',1593100641),(11262,'MT_SS','DISCRETA',1593100641),(11263,'MT_SN','DISCRETA',1593100641),(11264,'MT_SO','DISCRETA',1593100641),(11265,'Predicted','CONTINUA',1593100641),(11266,'Outcome','DISCRETA',1593100641),(11267,'Mutation','DISCRETA',1593100832),(11268,'WT_SSE','DISCRETA',1593100832),(11269,'WT_RSA','CONTINUA',1593100832),(11270,'WT_DEPTH','CONTINUA',1593100832),(11271,'WT_SS','DISCRETA',1593100832),(11272,'WT_SN','DISCRETA',1593100832),(11273,'WT_SO','DISCRETA',1593100832),(11274,'MT_SSE','DISCRETA',1593100832),(11275,'MT_RSA','CONTINUA',1593100832),(11276,'MT_DEPTH','CONTINUA',1593100832),(11277,'MT_SS','DISCRETA',1593100832),(11278,'MT_SN','DISCRETA',1593100832),(11279,'MT_SO','DISCRETA',1593100832),(11280,'Predicted','CONTINUA',1593100832),(11281,'Outcome','DISCRETA',1593100832),(11282,'chain','DISCRETA',1593206250),(11283,'wt','DISCRETA',1593206250),(11284,'pos','CONTINUA',1593206250),(11285,'mt','DISCRETA',1593206250),(11286,'chain','DISCRETA',1593212916),(11287,'wt','DISCRETA',1593212916),(11288,'pos','CONTINUA',1593212916),(11289,'mt','DISCRETA',1593212916),(11290,'chain','DISCRETA',1593214278),(11291,'wt','DISCRETA',1593214278),(11292,'pos','CONTINUA',1593214278),(11293,'mt','DISCRETA',1593214278),(11294,'chain','DISCRETA',1593215109),(11295,'wt','DISCRETA',1593215109),(11296,'pos','CONTINUA',1593215109),(11297,'mt','DISCRETA',1593215109),(11298,'chain','DISCRETA',1593361744),(11299,'wt','DISCRETA',1593361744),(11300,'pos','CONTINUA',1593361744),(11301,'mt','DISCRETA',1593361744),(11302,'chain','DISCRETA',1593366548),(11303,'wt','DISCRETA',1593366548),(11304,'pos','CONTINUA',1593366548),(11305,'mt','DISCRETA',1593366548),(11306,'chain','DISCRETA',1593439361),(11307,'wt','DISCRETA',1593439361),(11308,'pos','CONTINUA',1593439361),(11309,'mt','DISCRETA',1593439361),(11310,'chain','DISCRETA',1593464390),(11311,'wt','DISCRETA',1593464390),(11312,'pos','CONTINUA',1593464390),(11313,'mt','DISCRETA',1593464390),(11314,'chain','DISCRETA',1593465449),(11315,'wt','DISCRETA',1593465449),(11316,'pos','CONTINUA',1593465449),(11317,'mt','DISCRETA',1593465449),(11318,'chain','DISCRETA',1593466306),(11319,'wt','DISCRETA',1593466306),(11320,'pos','CONTINUA',1593466306),(11321,'mt','DISCRETA',1593466306),(11322,'P_1','CONTINUA',1595145008),(11323,'P_2','CONTINUA',1595145008),(11324,'P_3','CONTINUA',1595145008),(11325,'P_4','CONTINUA',1595145008),(11326,'P_5','CONTINUA',1595145008),(11327,'P_6','CONTINUA',1595145008),(11328,'P_7','CONTINUA',1595145008),(11329,'P_8','CONTINUA',1595145008),(11330,'P_9','CONTINUA',1595145008),(11331,'P_10','CONTINUA',1595145008),(11332,'P_11','CONTINUA',1595145008),(11333,'P_12','CONTINUA',1595145008),(11334,'P_13','CONTINUA',1595145008),(11335,'P_14','CONTINUA',1595145008),(11336,'P_15','CONTINUA',1595145008),(11337,'P_16','CONTINUA',1595145008),(11338,'P_17','CONTINUA',1595145008),(11339,'P_18','CONTINUA',1595145008),(11340,'P_19','CONTINUA',1595145008),(11341,'P_20','CONTINUA',1595145008),(11342,'P_21','CONTINUA',1595145008),(11343,'P_22','CONTINUA',1595145008),(11344,'P_23','CONTINUA',1595145008),(11345,'P_24','CONTINUA',1595145008),(11346,'P_25','CONTINUA',1595145008),(11347,'P_26','CONTINUA',1595145008),(11348,'P_27','CONTINUA',1595145008),(11349,'P_28','CONTINUA',1595145008),(11350,'P_29','CONTINUA',1595145008),(11351,'P_30','CONTINUA',1595145008),(11352,'P_31','CONTINUA',1595145008),(11353,'P_32','CONTINUA',1595145008),(11354,'P_33','CONTINUA',1595145008),(11355,'response','DISCRETA',1595145008),(11356,'chain','DISCRETA',1595254850),(11357,'wt','DISCRETA',1595254850),(11358,'pos','CONTINUA',1595254850),(11359,'mt','DISCRETA',1595254850),(11360,'AAWT','DISCRETA',1595254886),(11361,'Pos','CONTINUA',1595254886),(11362,'AAMT','DISCRETA',1595254886),(11363,'WT_SSE','DISCRETA',1595254886),(11364,'WT_RSA','CONTINUA',1595254886),(11365,'WT_DEPTH','CONTINUA',1595254886),(11366,'WT_SS','DISCRETA',1595254886),(11367,'WT_SN','DISCRETA',1595254886),(11368,'WT_SO','DISCRETA',1595254886),(11369,'MT_SSE','DISCRETA',1595254886),(11370,'MT_RSA ','CONTINUA',1595254886),(11371,'MT_DEPTH','CONTINUA',1595254886),(11372,'MT_SS','DISCRETA',1595254886),(11373,'MT_SN','DISCRETA',1595254886),(11374,'MT_SO','DISCRETA',1595254886),(11375,'Predicted_DDG','CONTINUA',1595254886),(11376,'Class','DISCRETA',1595254886),(11377,'P_1','CONTINUA',1595316832),(11378,'P_2','CONTINUA',1595316832),(11379,'P_3','CONTINUA',1595316832),(11380,'P_4','CONTINUA',1595316832),(11381,'P_5','CONTINUA',1595316832),(11382,'group_class','DISCRETA',1595316832),(11383,'P_1','CONTINUA',1595321738),(11384,'P_2','CONTINUA',1595321738),(11385,'P_3','CONTINUA',1595321738),(11386,'P_4','CONTINUA',1595321738),(11387,'P_5','CONTINUA',1595321738),(11388,'group_class','DISCRETA',1595321738),(11389,'AAWT','DISCRETA',1596320303),(11390,'Pos','CONTINUA',1596320303),(11391,'AAMT','DISCRETA',1596320303),(11392,'WT_SSE','DISCRETA',1596320303),(11393,'WT_RSA','CONTINUA',1596320303),(11394,'WT_DEPTH','CONTINUA',1596320303),(11395,'WT_SS','DISCRETA',1596320303),(11396,'WT_SN','DISCRETA',1596320303),(11397,'WT_SO','DISCRETA',1596320303),(11398,'MT_SSE','DISCRETA',1596320303),(11399,'MT_RSA ','CONTINUA',1596320303),(11400,'MT_DEPTH','CONTINUA',1596320303),(11401,'MT_SS','DISCRETA',1596320303),(11402,'MT_SN','DISCRETA',1596320303),(11403,'MT_SO','DISCRETA',1596320303),(11404,'Predicted_DDG','CONTINUA',1596320303),(11405,'Class','DISCRETA',1596320303),(11406,'idRegistro','CONTINUA',1606711869),(11407,'Sexo','DISCRETA',1606711869),(11408,'edad','CONTINUA',1606711869),(11409,'Glucosa basal','CONTINUA',1606711869),(11410,'Insulina basal','CONTINUA',1606711869),(11411,'Glucosa 30 min','CONTINUA',1606711869),(11412,'Insulina 30 min','CONTINUA',1606711869),(11413,'Glucosa 60 min','CONTINUA',1606711869),(11414,'Insulina 60 min','CONTINUA',1606711869),(11415,'Glucosa 90','CONTINUA',1606711869),(11416,'Insulina 90','CONTINUA',1606711869),(11417,'Glucosa 120 min','CONTINUA',1606711869),(11418,'Insulina 120 min','CONTINUA',1606711869),(11419,'Glucose basal','CONTINUA',1606715284),(11420,'Insulin basal','CONTINUA',1606715284),(11421,'Glucose 30 min','CONTINUA',1606715284),(11422,'Insulin 30 min','CONTINUA',1606715284),(11423,'Glucose 60 min','CONTINUA',1606715284),(11424,'Insulin 60 min','CONTINUA',1606715284),(11425,'Glucose 90 min','CONTINUA',1606715284),(11426,'Insulin 90 min','CONTINUA',1606715284),(11427,'Glucose 120 min','CONTINUA',1606715284),(11428,'Insulin 120 min','CONTINUA',1606715284),(11429,'Glucose basal','CONTINUA',1606715377),(11430,'Insulin basal','CONTINUA',1606715377),(11431,'Glucose 30 min','CONTINUA',1606715377),(11432,'Insulin 30 min','CONTINUA',1606715377),(11433,'Glucose 60 min','CONTINUA',1606715377),(11434,'Insulin 60 min','CONTINUA',1606715377),(11435,'Glucose 90 min','CONTINUA',1606715377),(11436,'Insulin 90 min','CONTINUA',1606715377),(11437,'Glucose 120 min','CONTINUA',1606715377),(11438,'Insulin 120 min','CONTINUA',1606715377),(11439,'Glucose basal','CONTINUA',1606715434),(11440,'Insulin basal','CONTINUA',1606715434),(11441,'Glucose 30 min','CONTINUA',1606715434),(11442,'Insulin 30 min','CONTINUA',1606715434),(11443,'Glucose 60 min','CONTINUA',1606715434),(11444,'Insulin 60 min','CONTINUA',1606715434),(11445,'Glucose 90 min','CONTINUA',1606715434),(11446,'Insulin 90 min','CONTINUA',1606715434),(11447,'Glucose 120 min','CONTINUA',1606715434),(11448,'Insulin 120 min','CONTINUA',1606715434),(11449,'Glucose basal','CONTINUA',1606715478),(11450,'Insulin basal','CONTINUA',1606715478),(11451,'Glucose 30 min','CONTINUA',1606715478),(11452,'Insulin 30 min','CONTINUA',1606715478),(11453,'Glucose 60 min','CONTINUA',1606715478),(11454,'Insulin 60 min','CONTINUA',1606715478),(11455,'Glucose 90 min','CONTINUA',1606715478),(11456,'Insulin 90 min','CONTINUA',1606715478),(11457,'Glucose 120 min','CONTINUA',1606715478),(11458,'Insulin 120 min','CONTINUA',1606715478),(11459,'Glucose basal','CONTINUA',1606715558),(11460,'Insulin basal','CONTINUA',1606715558),(11461,'Glucose 30 min','CONTINUA',1606715558),(11462,'Insulin 30 min','CONTINUA',1606715558),(11463,'Glucose 60 min','CONTINUA',1606715558),(11464,'Insulin 60 min','CONTINUA',1606715558),(11465,'Glucose 90 min','CONTINUA',1606715558),(11466,'Insulin 90 min','CONTINUA',1606715558),(11467,'Glucose 120 min','CONTINUA',1606715558),(11468,'Insulin 120 min','CONTINUA',1606715558),(11469,'Glucose basal','CONTINUA',1606715600),(11470,'Insulin basal','CONTINUA',1606715600),(11471,'Glucose 30 min','CONTINUA',1606715600),(11472,'Insulin 30 min','CONTINUA',1606715600),(11473,'Glucose 60 min','CONTINUA',1606715600),(11474,'Insulin 60 min','CONTINUA',1606715600),(11475,'Glucose 90 min','CONTINUA',1606715600),(11476,'Insulin 90 min','CONTINUA',1606715600),(11477,'Glucose 120 min','CONTINUA',1606715600),(11478,'Insulin 120 min','CONTINUA',1606715600),(11479,'Glucose basal','CONTINUA',1606715662),(11480,'Insulin basal','CONTINUA',1606715662),(11481,'Glucose 30 min','CONTINUA',1606715662),(11482,'Insulin 30 min','CONTINUA',1606715662),(11483,'Glucose 60 min','CONTINUA',1606715662),(11484,'Insulin 60 min','CONTINUA',1606715662),(11485,'Glucose 90 min','CONTINUA',1606715662),(11486,'Insulin 90 min','CONTINUA',1606715662),(11487,'Glucose 120 min','CONTINUA',1606715662),(11488,'Insulin 120 min','CONTINUA',1606715662),(11489,'Glucose basal','CONTINUA',1606715694),(11490,'Insulin basal','CONTINUA',1606715694),(11491,'Glucose 30 min','CONTINUA',1606715694),(11492,'Insulin 30 min','CONTINUA',1606715694),(11493,'Glucose 60 min','CONTINUA',1606715694),(11494,'Insulin 60 min','CONTINUA',1606715694),(11495,'Glucose 90 min','CONTINUA',1606715694),(11496,'Insulin 90 min','CONTINUA',1606715694),(11497,'Glucose 120 min','CONTINUA',1606715694),(11498,'Insulin 120 min','CONTINUA',1606715694),(11499,'response','DISCRETA',1613685411),(11500,'sepal.length','CONTINUA',1613685481),(11501,'sepal.width','CONTINUA',1613685481),(11502,'petal.length','CONTINUA',1613685481),(11503,'petal.width','CONTINUA',1613685481),(11504,'variety','DISCRETA',1613685481),(11505,'sepal.length','CONTINUA',1613685714),(11506,'sepal.width','CONTINUA',1613685714),(11507,'petal.length','CONTINUA',1613685714),(11508,'petal.width','CONTINUA',1613685714),(11509,'variety','DISCRETA',1613685714),(11510,'sepal.length','CONTINUA',1613688337),(11511,'sepal.width','CONTINUA',1613688337),(11512,'petal.length','CONTINUA',1613688337),(11513,'petal.width','CONTINUA',1613688337),(11514,'variety','DISCRETA',1613688337),(11515,'sepal.length','CONTINUA',1613701461),(11516,'sepal.width','CONTINUA',1613701461),(11517,'petal.length','CONTINUA',1613701461),(11518,'petal.width','CONTINUA',1613701461),(11519,'variety','DISCRETA',1613701461),(11520,'sepal.length','CONTINUA',1613791921),(11521,'sepal.width','CONTINUA',1613791921),(11522,'petal.length','CONTINUA',1613791921),(11523,'petal.width','CONTINUA',1613791921),(11524,'variety','DISCRETA',1613791921);
/*!40000 ALTER TABLE `feature` ENABLE KEYS */;
UNLOCK TABLES;

--
-- Table structure for table `institution`
--

DROP TABLE IF EXISTS `institution`;
/*!40101 SET @saved_cs_client     = @@character_set_client */;
/*!40101 SET character_set_client = utf8 */;
CREATE TABLE `institution` (
  `idinstitution` int(11) NOT NULL,
  `nameInstitution` varchar(45) NOT NULL,
  `createdInstitution` datetime NOT NULL,
  `modifiedInstitution` datetime NOT NULL,
  `country` int(11) NOT NULL,
  PRIMARY KEY (`idinstitution`),
  KEY `fk_institution_country_idx` (`country`),
  CONSTRAINT `fk_institution_country` FOREIGN KEY (`country`) REFERENCES `country` (`idcountry`) ON DELETE CASCADE ON UPDATE CASCADE
) ENGINE=InnoDB DEFAULT CHARSET=utf8;
/*!40101 SET character_set_client = @saved_cs_client */;

--
-- Dumping data for table `institution`
--

LOCK TABLES `institution` WRITE;
/*!40000 ALTER TABLE `institution` DISABLE KEYS */;
INSERT INTO `institution` VALUES (1576800852,'Universidad Autnoma de Chile','2019-12-19 19:14:12','2019-12-19 19:14:12',1),(1579986297,'Universidad de Chile','2020-01-25 16:04:57','2020-01-25 16:04:57',1),(1588761054,'','2020-05-06 06:30:54','2020-05-06 06:30:54',1588761054),(1588763901,'Universidad Andres Bello','2020-05-06 07:18:21','2020-05-06 07:18:21',1),(1588845106,'University of Chile','2020-05-07 05:51:46','2020-05-07 05:51:46',1),(1588847157,'hhll','2020-05-07 06:25:57','2020-05-07 06:25:57',1),(1588851526,'estudiante','2020-05-07 07:38:46','2020-05-07 07:38:46',1),(1588854079,'Universidad de Talca','2020-05-07 08:21:19','2020-05-07 08:21:19',1),(1590037356,'Kerala University','2020-05-21 01:02:36','2020-05-21 01:02:36',1590037356),(1590073515,'UNIVERSITY OF PITTSBURGH','2020-05-21 11:05:15','2020-05-21 11:05:15',1590073515),(1590074477,'CeBiB','2020-05-21 11:21:17','2020-05-21 11:21:17',1),(1590286361,'IIT ROORKEE','2020-05-23 22:12:41','2020-05-23 22:12:41',1590037356),(1595720023,'MyM','2020-07-25 19:33:43','2020-07-25 19:33:43',1595720023),(1596289642,'Personal','2020-08-01 09:47:22','2020-08-01 09:47:22',1),(1596293512,'UAI','2020-08-01 10:51:52','2020-08-01 10:51:52',1),(1602957833,'UC Rivendell','2020-10-17 14:03:53','2020-10-17 14:03:53',1590073515),(1604573911,'11','2020-11-05 05:58:31','2020-11-05 05:58:31',1604573911);
/*!40000 ALTER TABLE `institution` ENABLE KEYS */;
UNLOCK TABLES;

--
-- Table structure for table `job`
--

DROP TABLE IF EXISTS `job`;
/*!40101 SET @saved_cs_client     = @@character_set_client */;
/*!40101 SET character_set_client = utf8 */;
CREATE TABLE `job` (
  `idjob` int(11) NOT NULL AUTO_INCREMENT,
  `nameJob` varchar(45) NOT NULL,
  `descriptionJob` varchar(450) NOT NULL,
  `createdJob` datetime NOT NULL,
  `modifiedJob` datetime NOT NULL,
  `user` int(11) NOT NULL,
  `nameDataset` varchar(450) NOT NULL,
  `statusJob` varchar(45) NOT NULL,
  `tipo_job` varchar(45) NOT NULL,
  `algorithms` varchar(45) DEFAULT NULL,
  PRIMARY KEY (`idjob`),
  KEY `fk_job_user1_idx` (`user`),
  CONSTRAINT `fk_job_user1` FOREIGN KEY (`user`) REFERENCES `user` (`iduser`) ON DELETE CASCADE ON UPDATE CASCADE
) ENGINE=InnoDB AUTO_INCREMENT=1613791922 DEFAULT CHARSET=utf8;
/*!40101 SET character_set_client = @saved_cs_client */;

--
-- Dumping data for table `job`
--

LOCK TABLES `job` WRITE;
/*!40000 ALTER TABLE `job` DISABLE KEYS */;
INSERT INTO `job` VALUES (1576802145,'Test','Test','2019-12-19 19:35:45','2019-12-19 19:35:47',1576800852,'frequencyResiduesWithLength.csv','FINISH','CLUSTERING AGGLOMERATIVE','-'),(1576802285,'Test','Test','2019-12-19 19:38:05','2019-12-19 19:38:23',1576800852,'1A22_SDM_clf.csv','FINISH','CLASSIFICATION','-'),(1576802390,'Test','Test','2019-12-19 19:39:50','2019-12-19 19:40:06',1576800852,'1A22_SDM.csv','FINISH','PREDICTION','-'),(1576969830,'Test','Test','2019-12-21 18:10:30','2019-12-21 18:10:36',1576800852,'frequencyResiduesWithLength.csv','FINISH','CLUSTERING AGGLOMERATIVE','-'),(1576969946,'Test','Test','2019-12-21 18:12:26','2019-12-21 18:12:40',1576800852,'1A22_SDM_clf.csv','FINISH','CLASSIFICATION','-'),(1576970191,'Test','Test','2019-12-21 18:16:31','2019-12-21 18:16:44',1576800852,'1A22_SDM.csv','FINISH','PREDICTION','-'),(1579986438,'123','123','2020-01-25 16:07:18','2020-01-25 16:07:18',1579986297,'lenData.csv','FINISH','DISTRIBUTION','-'),(1579986578,'123','123','2020-01-25 16:09:38','2020-01-25 16:09:38',1579986297,'lenData.csv','FINISH','DISTRIBUTION','-'),(1579986671,'123','123','2020-01-25 16:11:11','2020-01-25 16:11:11',1579986297,'lenData.csv','FINISH','DISTRIBUTION','-'),(1579986711,'123','123','2020-01-25 16:11:51','2020-01-25 16:11:51',1579986297,'lenData.csv','FINISH','DISTRIBUTION','-'),(1579986766,'123','123','2020-01-25 16:12:46','2020-01-25 16:12:46',1579986297,'lenData.csv','FINISH','DISTRIBUTION','-'),(1581167864,'123','123','2020-02-08 08:17:44','2020-02-08 08:17:46',1579986297,'inputClustering.csv','ERROR','CLUSTERING AFFINITY PROPAGATION','-'),(1581167891,'123','123','2020-02-08 08:18:11','2020-02-08 08:18:12',1579986297,'inputClustering.csv','ERROR','CLUSTERING K-MEANS','-'),(1581168511,'123','123','2020-02-08 08:28:31','2020-02-08 08:28:31',1579986297,'inputClustering.csv','ERROR','CLUSTERING DBScan','-'),(1581172684,'12','123','2020-02-08 09:38:04','2020-02-08 09:38:05',1579986297,'inputClustering.csv','FINISH','CLUSTERING DBScan','-'),(1581176688,'123','123','2020-02-08 10:44:48','2020-02-08 10:44:48',1579986297,'ResponseProcess_Job_Clustering.csv','FINISH','DISTRIBUTION','-'),(1581176974,'123','123','2020-02-08 10:49:34','2020-02-08 10:49:35',1579986297,'ResponseProcess_Job_Clustering.csv','FINISH','DISPERSION','-'),(1581177371,'123','123','2020-02-08 10:56:11','2020-02-08 10:56:18',1579986297,'inputClustering.csv','FINISH','CLUSTERING K-MEANS','-'),(1581177491,'123','123','2020-02-08 10:58:11','2020-02-08 10:58:15',1579986297,'inputClustering.csv','FINISH','CLUSTERING AFFINITY PROPAGATION','-'),(1581177593,'123','123','2020-02-08 10:59:53','2020-02-08 10:59:54',1579986297,'inputClustering.csv','FINISH','CLUSTERING AGGLOMERATIVE','-'),(1581177659,'123','123','2020-02-08 11:00:59','2020-02-08 11:01:00',1579986297,'inputClustering.csv','FINISH','CLUSTERING DBScan','-'),(1581177682,'123','123','2020-02-08 11:01:22','2020-02-08 11:01:23',1579986297,'inputClustering.csv','FINISH','CLUSTERING MEAN-SHIFT','-'),(1581183687,'123','123','2020-02-08 12:41:27','2020-02-08 12:41:28',1579986297,'inputClustering.csv','FINISH','CLUSTERING K-MEANS','-'),(1581184189,'123','123','2020-02-08 12:49:49','2020-02-08 12:49:50',1579986297,'inputClustering.csv','ERROR','CLUSTERING AGGLOMERATIVE','-'),(1581184219,'123','123','2020-02-08 12:50:19','2020-02-08 12:50:20',1579986297,'inputClustering.csv','FINISH','CLUSTERING AGGLOMERATIVE','-'),(1581184346,'123','123','2020-02-08 12:52:26','2020-02-08 12:52:27',1579986297,'inputClustering.csv','FINISH','CLUSTERING AGGLOMERATIVE','-'),(1581184463,'123','123','2020-02-08 12:54:23','2020-02-08 12:54:24',1579986297,'inputClustering.csv','ERROR','CLUSTERING AGGLOMERATIVE','-'),(1582748359,'Testing Property digitized','Testing property digitized','2020-02-26 15:19:19','2020-02-26 15:20:58',1579986297,'dataset.csv','FINISH','PREDICTION','-'),(1582749299,'CHOC760101 Iteration 1','CHOC760101 Iteration 1','2020-02-26 15:34:59','2020-02-26 15:47:04',1579986297,'dataset_CHOC760101.csv','FINISH','queue-PREDICTION','-'),(1582749328,'CHOC760101 Iteration 2','CHOC760101 Iteration 2','2020-02-26 15:35:28','2020-02-26 15:47:26',1579986297,'dataset_CHOC760101.csv','FINISH','queue-PREDICTION','-'),(1582749352,'CHOC760101 Iteration 3','CHOC760101 Iteration 3','2020-02-26 15:35:52','2020-02-26 15:47:39',1579986297,'dataset_CHOC760101.csv','FINISH','queue-PREDICTION','-'),(1582750188,'CHOC760101 Iteration 4','CHOC760101 Iteration 4','2020-02-26 15:49:48','2020-02-26 16:00:57',1579986297,'dataset_CHOC760101.csv','FINISH','queue-PREDICTION','-'),(1582750224,'CHOC760101 Iteration 5','CHOC760101 Iteration 5','2020-02-26 15:50:24','2020-02-26 16:01:20',1579986297,'dataset_CHOC760101.csv','FINISH','queue-PREDICTION','-'),(1582750254,'CHOC760101 Iteration 6','CHOC760101 Iteration 6','2020-02-26 15:50:54','2020-02-26 15:54:14',1579986297,'dataset_CHOC760101.csv','PROCESSING','queue-PREDICTION','-'),(1582750285,'CHOC760101 Iteration 7','CHOC760101 Iteration 7','2020-02-26 15:51:25','2020-02-26 16:01:45',1579986297,'dataset_CHOC760101.csv','FINISH','queue-PREDICTION','-'),(1582750323,'CHOC760101 Iteration 8','CHOC760101 Iteration 8','2020-02-26 15:52:03','2020-02-26 16:08:57',1579986297,'dataset_CHOC760101.csv','FINISH','queue-PREDICTION','-'),(1582750353,'CHOC760101 Iteration 9','CHOC760101 Iteration 9','2020-02-26 15:52:33','2020-02-26 16:09:20',1579986297,'dataset_CHOC760101.csv','FINISH','queue-PREDICTION','-'),(1582750386,'CHOC760101 Iteration 10','CHOC760101 Iteration 10','2020-02-26 15:53:06','2020-02-26 16:09:28',1579986297,'dataset_CHOC760101.csv','FINISH','queue-PREDICTION','-'),(1582838204,'JOND920101 iteration 1','JOND920101 iteration 1','2020-02-27 16:16:44','2020-02-27 16:36:22',1579986297,'dataset_JOND920101.csv','FINISH','queue-PREDICTION','-'),(1582838232,'JOND920101 iteration 2','JOND920101 iteration 2','2020-02-27 16:17:12','2020-02-27 16:36:27',1579986297,'dataset_JOND920101.csv','FINISH','queue-PREDICTION','-'),(1582838261,'JOND920101 iteration 3','JOND920101 iteration 3','2020-02-27 16:17:41','2020-02-27 16:36:26',1579986297,'dataset_JOND920101.csv','FINISH','queue-PREDICTION','-'),(1582843173,'JOND920101 iteration 4','JOND920101 iteration 4','2020-02-27 17:39:33','2020-02-27 18:37:29',1579986297,'dataset_JOND920101.csv','FINISH','queue-PREDICTION','-'),(1582843197,'JOND920101 iteration 5','JOND920101 iteration 5','2020-02-27 17:39:57','2020-02-27 18:37:35',1579986297,'dataset_JOND920101.csv','FINISH','queue-PREDICTION','-'),(1582843222,'JOND920101 iteration 6','JOND920101 iteration 6','2020-02-27 17:40:22','2020-02-27 18:37:22',1579986297,'dataset_JOND920101.csv','FINISH','queue-PREDICTION','-'),(1582843256,'JOND920101 iteration 7','JOND920101 iteration 7','2020-02-27 17:40:56','2020-02-27 18:37:37',1579986297,'dataset_JOND920101.csv','FINISH','queue-PREDICTION','-'),(1582865215,'JOND920101 iteration 8','JOND920101 iteration 8','2020-02-27 23:46:55','2020-02-28 00:35:40',1579986297,'dataset_JOND920101.csv','FINISH','queue-PREDICTION','-'),(1582865240,'JOND920101 iteration 9','JOND920101 iteration 9','2020-02-27 23:47:20','2020-02-28 00:35:41',1579986297,'dataset_JOND920101.csv','FINISH','queue-PREDICTION','-'),(1582865264,'JOND920101 iteration 10','JOND920101 iteration 10','2020-02-27 23:47:44','2020-02-28 00:30:07',1579986297,'dataset_JOND920101.csv','PROCESSING','queue-CLASSIFICATION','-'),(1583888858,'123','123','2020-03-10 21:07:38','2020-03-10 21:07:38',1579986297,'mutations_list.csv','FINISH','DISTRIBUTION','-'),(1583889435,'123','123','2020-03-10 21:17:15','2020-03-10 21:17:15',1579986297,'mutations_list.csv','FINISH','FREQUENCE','-'),(1585115359,'123','123','2020-03-25 01:49:19','2020-03-25 01:49:20',1579986297,'data_with_features_full.csv','FINISH','CLUSTERING DBScan','-'),(1585115394,'123','123','2020-03-25 01:49:54','2020-03-25 01:49:56',1579986297,'data_with_features_full.csv','FINISH','CLUSTERING K-MEANS','-'),(1585120229,'123','123','2020-03-25 03:10:29','2020-03-25 03:10:31',1579986297,'data_with_features_full.csv','FINISH','CLUSTERING AFFINITY PROPAGATION','-'),(1585128579,'123','123','2020-03-25 05:29:39','2020-03-25 05:29:39',1579986297,'testing_tslearn.csv','FINISH','DISTRIBUTION','-'),(1585128673,'123','123','2020-03-25 05:31:13','2020-03-25 05:31:14',1579986297,'testing_tslearn.csv','FINISH','DISPERSION','-'),(1585529500,'123','123','2020-03-29 20:51:40','2020-03-29 20:51:40',1579986297,'export_data_set_without_noise.csv','FINISH','DISTRIBUTION','-'),(1585592937,'123','123','2020-03-30 14:28:57','2020-03-30 14:29:09',1579986297,'db_codes_properties.csv','FINISH','CORRELATION','-'),(1585593254,'123','123','2020-03-30 14:34:14','2020-03-30 14:44:36',1579986297,'db_codes_properties.csv','FINISH','MUTUAL-INFORMATION','-'),(1585771919,'123','123','2020-04-01 16:11:59','2020-04-01 16:12:03',1579986297,'db_codes_properties.csv','FINISH','PCA','-'),(1585996926,'123','123','2020-04-04 06:42:06','2020-04-04 06:42:07',1579986297,'adimensionales_anormales.csv','FINISH','STATISTIC SUMMARY','-'),(1585996993,'123','123','2020-04-04 06:43:13','2020-04-04 06:43:15',1579986297,'param_anormales.csv','FINISH','STATISTIC SUMMARY','-'),(1585997617,'123','123','2020-04-04 06:53:37','2020-04-04 06:53:39',1579986297,'param_normales.csv','FINISH','STATISTIC SUMMARY','-'),(1585998171,'123','123','2020-04-04 07:02:51','2020-04-04 07:02:52',1579986297,'adimensionales_normales.csv','FINISH','STATISTIC SUMMARY','-'),(1586006132,'123','123','2020-04-04 09:15:32','2020-04-04 09:15:33',1579986297,'adimensionales_anormales.csv','FINISH','STATISTIC SUMMARY','-'),(1586016832,'123','123','2020-04-04 12:13:52','2020-04-04 12:13:52',1579986297,'adimensional_full.csv','FINISH','DISTRIBUTION','-'),(1586016878,'123','123','2020-04-04 12:14:38','2020-04-04 12:14:38',1579986297,'adimensional_full.csv','FINISH','DISTRIBUTION','-'),(1586083376,'123','123','2020-04-05 06:42:56','2020-04-05 06:43:04',1579986297,'param_fulls.csv','FINISH','CLUSTERING K-MEANS','-'),(1586083442,'123','123','2020-04-05 06:44:02','2020-04-05 06:44:08',1579986297,'param_fulls.csv','FINISH','CLUSTERING AFFINITY PROPAGATION','-'),(1586083520,'213','123','2020-04-05 06:45:20','2020-04-05 06:45:22',1579986297,'param_fulls.csv','FINISH','CLUSTERING MEAN-SHIFT','-'),(1586083566,'123','123','2020-04-05 06:46:06','2020-04-05 06:46:25',1579986297,'adimensional_full.csv','FINISH','CLUSTERING AFFINITY PROPAGATION','-'),(1586083617,'123','123','2020-04-05 06:46:57','2020-04-05 06:47:00',1579986297,'adimensional_full.csv','FINISH','CLUSTERING MEAN-SHIFT','-'),(1586083651,'123','123','2020-04-05 06:47:31','2020-04-05 06:47:32',1579986297,'adimensional_full.csv','FINISH','CLUSTERING DBScan','-'),(1586083684,'123','123','2020-04-05 06:48:04','2020-04-05 06:48:06',1579986297,'adimensional_full.csv','FINISH','CLUSTERING K-MEANS','-'),(1586083726,'123','123','2020-04-05 06:48:46','2020-04-05 06:48:48',1579986297,'adimensional_full.csv','FINISH','CLUSTERING K-MEANS','-'),(1586083800,'123','123','2020-04-05 06:50:00','2020-04-05 06:50:02',1579986297,'glucosa_full.csv','ERROR','CLUSTERING AFFINITY PROPAGATION','-'),(1586084869,'123','123','2020-04-05 07:07:49','2020-04-05 07:07:50',1579986297,'param_fulls.csv','FINISH','STATISTIC SUMMARY','-'),(1586085009,'123','123','2020-04-05 07:10:09','2020-04-05 07:10:12',1579986297,'param_fulls.csv','FINISH','STATISTIC SUMMARY','-'),(1586085336,'123','123','2020-04-05 07:15:36','2020-04-05 07:15:37',1579986297,'params_full_log.csv','FINISH','STATISTIC SUMMARY','-'),(1586108081,'123','123','2020-04-05 13:34:41','2020-04-05 13:34:42',1579986297,'adimensional_full_log.csv','FINISH','STATISTIC SUMMARY','-'),(1586357354,'123','123','2020-04-08 10:49:14','2020-04-08 10:49:17',1579986297,'1_3_3_1.csv','FINISH','CLUSTERING K-MEANS','-'),(1586357417,'123','123','2020-04-08 10:50:17','2020-04-08 10:50:18',1579986297,'1_3_3_1.csv','FINISH','CLUSTERING DBScan','-'),(1586357438,'123','123','2020-04-08 10:50:38','2020-04-08 10:50:43',1579986297,'1_3_3_1.csv','FINISH','CLUSTERING MEAN-SHIFT','-'),(1586357482,'123','133','2020-04-08 10:51:22','2020-04-08 10:51:24',1579986297,'1_3_3_1.csv','FINISH','CLUSTERING AFFINITY PROPAGATION','-'),(1587630759,'123','123','2020-04-23 04:32:39','2020-04-23 04:32:43',1579986297,'data_zero_padding.csv','FINISH','CLUSTERING K-MEANS','-'),(1587630910,'123','123','2020-04-23 04:35:10','2020-04-23 04:35:13',1579986297,'data_zero_padding.csv','FINISH','CLUSTERING AFFINITY PROPAGATION','-'),(1587631721,'123','123','2020-04-23 04:48:41','2020-04-23 04:48:42',1579986297,'data_clustering.csv','FINISH','CLUSTERING K-MEANS','-'),(1587631750,'123','123','2020-04-23 04:49:10','2020-04-23 04:49:12',1579986297,'data_clustering.csv','FINISH','CLUSTERING K-MEANS','-'),(1587631781,'123','123','2020-04-23 04:49:41','2020-04-23 04:49:44',1579986297,'data_clustering.csv','FINISH','CLUSTERING AFFINITY PROPAGATION','-'),(1587631902,'123','123','2020-04-23 04:51:42','2020-04-23 04:51:44',1579986297,'data_clustering.csv','FINISH','CLUSTERING MEAN-SHIFT','-'),(1587632503,'123','123','2020-04-23 05:01:43','2020-04-23 05:01:44',1579986297,'domainFrequence.csv','ERROR','CLUSTERING K-MEANS','-'),(1587632974,'123','123','2020-04-23 05:09:34','2020-04-23 05:09:36',1579986297,'domainFrequence.csv','ERROR','CLUSTERING K-MEANS','-'),(1587637472,'123','123','2020-04-23 06:24:32','2020-04-23 06:24:38',1579986297,'data_clustering.csv','FINISH','CLUSTERING K-MEANS','-'),(1588256931,'123','123','2020-04-30 10:28:51','2020-04-30 10:28:55',1579986297,'Par_anorm.csv','FINISH','CLUSTERING K-MEANS','-'),(1588257314,'123','123','2020-04-30 10:35:14','2020-04-30 10:35:34',1579986297,'Par_full.csv','FINISH','CLUSTERING AFFINITY PROPAGATION','-'),(1588257723,'123','123','2020-04-30 10:42:03','2020-04-30 10:42:06',1579986297,'Par_full.csv','FINISH','CLUSTERING MEAN-SHIFT','-'),(1588258041,'123','123','2020-04-30 10:47:21','2020-04-30 10:47:30',1579986297,'Adimens_full.csv','FINISH','CLUSTERING AFFINITY PROPAGATION','-'),(1588518857,'123','123','2020-05-03 11:14:17','2020-05-03 11:14:31',1579986297,'class_matrix_full.csv','FINISH','CLUSTERING AFFINITY PROPAGATION','-'),(1588518908,'123','123','2020-05-03 11:15:08','2020-05-03 11:15:09',1579986297,'class_matrix_full.csv','ERROR','CLUSTERING MEAN-SHIFT','-'),(1588518931,'123','2312','2020-05-03 11:15:31','2020-05-03 11:15:33',1579986297,'class_matrix_full.csv','ERROR','CLUSTERING MEAN-SHIFT','-'),(1588518960,'123','123','2020-05-03 11:16:00','2020-05-03 11:16:02',1579986297,'class_matrix_full.csv','FINISH','CLUSTERING AGGLOMERATIVE','-'),(1588518996,'123','123','2020-05-03 11:16:36','2020-05-03 11:16:38',1579986297,'class_matrix_full.csv','FINISH','CLUSTERING K-MEANS','-'),(1588723046,'test','test','2020-05-05 19:57:26','2020-05-05 19:57:26',1576800852,'iris.csv','FINISH','VIEW CONTINUOS DATA','-'),(1588723082,'test','test','2020-05-05 19:58:02','2020-05-05 19:58:02',1576800852,'iris.csv','FINISH','DISTRIBUTION','-'),(1588723106,'test','test','2020-05-05 19:58:26','2020-05-05 19:58:27',1576800852,'iris.csv','FINISH','DISPERSION','-'),(1588723135,'test','test','2020-05-05 19:58:55','2020-05-05 19:58:55',1576800852,'iris.csv','FINISH','FREQUENCE','-'),(1588723164,'test','test','2020-05-05 19:59:24','2020-05-05 19:59:24',1576800852,'iris.csv','FINISH','PARALLEL-COORDINATES','-'),(1588723212,'test','test','2020-05-05 20:00:12','2020-05-05 20:00:12',1576800852,'iris.csv','FINISH','SPLOM','-'),(1588723265,'test','test','2020-05-05 20:01:05','2020-05-05 20:01:06',1576800852,'iris.csv','ERROR','STATISTIC SUMMARY','-'),(1588723288,'test','test','2020-05-05 20:01:28','2020-05-05 20:01:29',1576800852,'iris.csv','FINISH','STATISTIC SUMMARY','-'),(1588723316,'test','test','2020-05-05 20:01:56','2020-05-05 20:01:57',1576800852,'iris.csv','FINISH','CORRELATION','-'),(1588761349,'iris','iris','2020-05-06 06:35:49','2020-05-06 06:35:49',1588761054,'iris.csv','FINISH','VIEW CONTINUOS DATA','-'),(1588761460,'iris_2','iris_2','2020-05-06 06:37:40','2020-05-06 06:37:41',1588761054,'iris.csv','FINISH','CORRELATION','-'),(1588761492,'iris_2','iris_2','2020-05-06 06:38:12','2020-05-06 06:38:12',1588761054,'iris.csv','FINISH','CORRELATION','-'),(1588761574,'iris_2','iris_2','2020-05-06 06:39:34','2020-05-06 06:39:34',1588761054,'iris.csv','FINISH','PCA','-'),(1588761624,'iris_3','iris_3','2020-05-06 06:40:24','2020-05-06 06:40:26',1588761054,'iris.csv','FINISH','CLUSTERING K-MEANS','-'),(1588761671,'iris_4','iris_4','2020-05-06 06:41:11','2020-05-06 06:43:16',1588761054,'iris.csv','FINISH','CLASSIFICATION','-'),(1588762330,'prueba','protein','2020-05-06 06:52:10','2020-05-06 06:52:10',1588762195,'1BNI1_SDM.csv','FINISH','VIEW CONTINUOS DATA','-'),(1588762405,'prueba','protein','2020-05-06 06:53:25','2020-05-06 06:53:38',1588762195,'1BNI1_SDM.csv','FINISH','CLUSTERING K-MEANS','-'),(1588762458,'prueba','protein','2020-05-06 06:54:18','2020-05-06 06:56:05',1588762195,'1BNI1_SDM.csv','FINISH','PREDICTION','-'),(1588764140,'test1','favor','2020-05-06 07:22:20','2020-05-06 07:22:20',1588763901,'iris.csv','FINISH','DISTRIBUTION','-'),(1588764258,'test2','favor2','2020-05-06 07:24:18','2020-05-06 07:24:19',1588763901,'iris.csv','FINISH','PCA','-'),(1588843540,'Prueba','Trabajo de Prueba','2020-05-07 05:25:40','2020-05-07 05:26:00',1588843243,'iris.csv','FINISH','CLUSTERING K-MEANS','-'),(1588843638,'Prueba','Trabajo de Prueba','2020-05-07 05:27:18','2020-05-07 05:27:35',1588843243,'iris.csv','FINISH','PREDICTION','-'),(1588843997,'Prueba','Trabajo de Prueba','2020-05-07 05:33:17','2020-05-07 05:33:24',1588843243,'iris.csv','FINISH','CLUSTERING BIRCH','-'),(1588845427,'iris','iris','2020-05-07 05:57:07','2020-05-07 05:57:09',1588845106,'iris.csv','FINISH','CLUSTERING K-MEANS','-'),(1588845782,'iris2','iris2','2020-05-07 06:03:02','2020-05-07 06:03:19',1588845106,'iris.csv','FINISH','PREDICTION','-'),(1588847545,'david ','david ','2020-05-07 06:32:25','2020-05-07 06:32:26',1588847157,'iris.csv','FINISH','DISPERSION','-'),(1588848397,'hola','hola','2020-05-07 06:46:37','2020-05-07 06:46:39',1588847795,'iris.csv','FINISH','CLUSTERING K-MEANS','-'),(1588848602,'Analisis ','Prueba 1','2020-05-07 06:50:02','2020-05-07 06:50:04',1588848227,'iris.csv','FINISH','CLUSTERING K-MEANS','-'),(1588848683,'Analisis ','Prueba 1','2020-05-07 06:51:23','2020-05-07 06:51:25',1588848227,'iris.csv','FINISH','CLUSTERING K-MEANS','-'),(1588848728,'Analisis ','Prueba 1','2020-05-07 06:52:08','2020-05-07 06:52:09',1588848227,'iris.csv','ERROR','CLUSTERING AGGLOMERATIVE','-'),(1588848770,'Analisis ','Prueba 1','2020-05-07 06:52:50','2020-05-07 06:52:51',1588848227,'iris.csv','FINISH','CLUSTERING AGGLOMERATIVE','-'),(1588848840,'Analisis ','Prueba 1','2020-05-07 06:54:00','2020-05-07 06:54:58',1588848227,'iris.csv','FINISH','CLASSIFICATION','-'),(1588849283,'Analisis ','Prueba 1','2020-05-07 07:01:23','2020-05-07 07:01:39',1588848227,'iris.csv','FINISH','LINEAR-MODELS','-'),(1588850001,'hola','hola','2020-05-07 07:13:21','2020-05-07 07:13:22',1588847795,'iris.csv','FINISH','CLUSTERING K-MEANS','-'),(1588850035,'jp','jp','2020-05-07 07:13:55','2020-05-07 07:15:42',1588847795,'iris.csv','FINISH','CLASSIFICATION','-'),(1588851843,'hola','hola','2020-05-07 07:44:03','2020-05-07 07:44:03',1588847795,'iris.csv','FINISH','PREDICTION','-'),(1588851868,'hola','hola','2020-05-07 07:44:28','2020-05-07 07:44:51',1588847795,'iris.csv','FINISH','PREDICTION','-'),(1588852492,'universidad calculos','estados','2020-05-07 07:54:52','2020-05-07 07:54:54',1588851526,'iris.csv','FINISH','CLUSTERING K-MEANS','-'),(1588852841,'hola','hola','2020-05-07 08:00:41','2020-05-07 08:00:41',1588847795,'iris.csv','FINISH','STATISTICAL-ANALYSIS','-'),(1588852860,'hola','hola','2020-05-07 08:01:00','2020-05-07 08:01:00',1588847795,'iris.csv','FINISH','STATISTICAL-ANALYSIS','-'),(1588852867,'hola','hola','2020-05-07 08:01:07','2020-05-07 08:01:07',1588847795,'iris.csv','FINISH','STATISTICAL-ANALYSIS','-'),(1588852937,'hola','hola','2020-05-07 08:02:17','2020-05-07 08:02:17',1588847795,'iris.csv','FINISH','DISTRIBUTION','-'),(1588853391,'hola','hola','2020-05-07 08:09:51','2020-05-07 08:09:52',1588847795,'iris.csv','FINISH','CORRELATION','-'),(1588853415,'hola','hola','2020-05-07 08:10:15','2020-05-07 08:10:16',1588847795,'iris.csv','FINISH','CORRELATION','-'),(1588853443,'hola','hola','2020-05-07 08:10:43','2020-05-07 08:10:44',1588847795,'iris.csv','FINISH','CORRELATION','-'),(1588853500,'hola','hola','2020-05-07 08:11:40','2020-05-07 08:11:41',1588847795,'iris.csv','FINISH','CORRELATION','-'),(1588853580,'hola','hola','2020-05-07 08:13:00','2020-05-07 08:13:01',1588847795,'iris.csv','FINISH','PCA','-'),(1588853761,'hola','hola','2020-05-07 08:16:01','2020-05-07 08:16:01',1588847795,'iris.csv','FINISH','STATISTICAL-ANALYSIS','-'),(1588870646,'123','123','2020-05-07 12:57:26','2020-05-07 12:57:29',1579986297,'iris.csv','FINISH','DISPERSION','-'),(1588874179,'iris','procesamiento','2020-05-07 13:56:19','2020-05-07 13:56:19',1588855829,'iris.csv','FINISH','DISTRIBUTION','-'),(1588874384,'iris','clustering','2020-05-07 13:59:44','2020-05-07 13:59:48',1588855829,'iris.csv','FINISH','CLUSTERING K-MEANS','-'),(1588875904,'123','123','2020-05-07 14:25:04','2020-05-07 14:25:06',1579986297,'iris.csv','FINISH','DISPERSION','-'),(1588876044,'123','123','2020-05-07 14:27:24','2020-05-07 14:27:26',1579986297,'iris.csv','FINISH','CLUSTERING K-MEANS','-'),(1588920964,'Test','Test','2020-05-08 02:56:04','2020-05-08 02:56:05',1588884684,'iris.csv','FINISH','CLUSTERING AGGLOMERATIVE','-'),(1588921227,'Test','Test','2020-05-08 03:00:27','2020-05-08 03:00:28',1588884684,'iris.csv','FINISH','CLUSTERING AGGLOMERATIVE','-'),(1588922407,'Test','Test','2020-05-08 03:20:07','2020-05-08 03:20:39',1588884684,'iris.csv','FINISH','CLASSIFICATION','-'),(1589185376,'testing predictive models 01','description predictive models 01 ','2020-05-11 04:22:56','2020-05-11 04:31:10',1588854079,'iris.csv','FINISH','PREDICTION','-'),(1589186168,'testing predictive models 01','description predictive models 01 ','2020-05-11 04:36:08','2020-05-11 04:57:09',1588854079,'iris.csv','FINISH','PREDICTION','-'),(1591946839,'genes_M','random Forest for Metastasis using genes ','2020-06-12 03:27:19','2020-06-12 03:27:19',1591865016,'input_random_forest_genes.txt','FINISH','CLASSIFICATION','-'),(1591947007,'genes_M','random Forest for Metastasis using genes ','2020-06-12 03:30:07','2020-06-12 03:30:07',1591865016,'input_random_forest_genes.txt','FINISH','CLASSIFICATION','-'),(1591963531,'clinical data','clinical data to predict','2020-06-12 08:05:31','2020-06-12 08:05:31',1591865016,'data_clinical_sample.txt','FINISH','CLASSIFICATION','-'),(1592165397,'Testing embedding','Testing embedding','2020-06-14 16:09:57','2020-06-14 16:10:12',1579986297,'embedding_model.csv','FINISH','CLUSTERING DBScan','-'),(1592165592,'Testing embedding','Testing embedding','2020-06-14 16:13:12','2020-06-14 16:13:14',1579986297,'embedding_model.csv','FINISH','CLUSTERING K-MEANS','-'),(1592165644,'Testing embedding','Testing embedding','2020-06-14 16:14:04','2020-06-14 16:14:07',1579986297,'embedding_model.csv','FINISH','CLUSTERING AFFINITY PROPAGATION','-'),(1592165704,'Testing embedding','Testing embedding','2020-06-14 16:15:04','2020-06-14 16:15:06',1579986297,'embedding_model.csv','FINISH','CLUSTERING MEAN-SHIFT','-'),(1592167936,'123','123','2020-06-14 16:52:16','2020-06-14 16:52:20',1579986297,'embedding_model_size_3.csv','FINISH','CLUSTERING AFFINITY PROPAGATION','-'),(1592168111,'Testing embedding 3 size','Testing embedding 3 size','2020-06-14 16:55:11','2020-06-14 17:51:46',1579986297,'embedding_model_size_3.csv','FINISH','queue-CLUSTERING','-'),(1592168145,'Testing embedding 4 size','Testing embedding 4 size','2020-06-14 16:55:45','2020-06-14 17:51:53',1579986297,'embedding_model_size_4.csv','FINISH','queue-CLUSTERING','-'),(1592168538,'Testing embedding size 5','Testing embedding size 5','2020-06-14 17:02:18','2020-06-14 17:51:55',1579986297,'embedding_model_size_5.csv','FINISH','queue-CLUSTERING','-'),(1592168592,'Testing embedding size 6','Testing embedding size 6','2020-06-14 17:03:12','2020-06-14 17:51:54',1579986297,'embedding_model_size_6.csv','FINISH','queue-CLUSTERING','-'),(1592171219,'Testing embedding size 7','Testing embeding size 7','2020-06-14 17:46:59','2020-06-14 18:35:01',1579986297,'embedding_model_size_7.csv','FINISH','queue-CLUSTERING','-'),(1592171288,'Testing embedding size 8','Testing embedding size 8','2020-06-14 17:48:08','2020-06-14 18:35:03',1579986297,'embedding_model_size_8.csv','FINISH','queue-CLUSTERING','-'),(1592171382,'Testing embedding size 9','Testing embedding size 9','2020-06-14 17:49:42','2020-06-14 18:35:00',1579986297,'embedding_model_size_9.csv','FINISH','queue-CLUSTERING','-'),(1592172555,'Testing embedding','Testing embedding','2020-06-14 18:09:15','2020-06-14 18:09:17',1579986297,'embedding_model_size_4.csv','FINISH','CLUSTERING K-MEANS','-'),(1592179671,'123','123','2020-06-14 20:07:51','2020-06-14 20:07:52',1579986297,'embedding_model_size_3.csv','FINISH','CLUSTERING MEAN-SHIFT','-'),(1592179694,'123','123','2020-06-14 20:08:14','2020-06-14 20:08:16',1579986297,'embedding_model_size_3.csv','FINISH','CLUSTERING K-MEANS','-'),(1592179731,'123','123','2020-06-14 20:08:51','2020-06-14 20:08:53',1579986297,'embedding_model_size_3.csv','FINISH','CLUSTERING K-MEANS','-'),(1592179774,'123','123','2020-06-14 20:09:34','2020-06-14 20:09:36',1579986297,'embedding_model_size_4.csv','FINISH','CLUSTERING K-MEANS','-'),(1592179845,'123','123','2020-06-14 20:10:45','2020-06-14 20:10:46',1579986297,'embedding_model_size_9.csv','FINISH','CLUSTERING K-MEANS','-'),(1592430959,'123','123','2020-06-17 17:55:59','2020-06-17 17:56:00',1579986297,'1_group.csv','FINISH','CORRELATION','-'),(1592430993,'123','123','2020-06-17 17:56:33','2020-06-17 17:56:34',1579986297,'1_group.csv','FINISH','PCA','-'),(1592431021,'123','123','2020-06-17 17:57:01','2020-06-17 17:57:02',1579986297,'2_group.csv','FINISH','PCA','-'),(1592431042,'123','123','2020-06-17 17:57:22','2020-06-17 17:57:23',1579986297,'4_group.csv','FINISH','PCA-INCREMENTAL','-'),(1592431078,'123','123','2020-06-17 17:57:58','2020-06-17 17:57:59',1579986297,'1_group.csv','FINISH','PCA-INCREMENTAL','-'),(1592431171,'123','123','2020-06-17 17:59:31','2020-06-17 17:59:32',1579986297,'3_group.csv','FINISH','PCA-INCREMENTAL','-'),(1592431190,'123','123','2020-06-17 17:59:50','2020-06-17 17:59:51',1579986297,'3_group.csv','FINISH','PCA-INCREMENTAL','-'),(1592431213,'123','123','2020-06-17 18:00:13','2020-06-17 18:00:14',1579986297,'4_group.csv','FINISH','PCA-INCREMENTAL','-'),(1592431242,'123','123','2020-06-17 18:00:42','2020-06-17 18:00:43',1579986297,'5_group.csv','FINISH','PCA-INCREMENTAL','-'),(1592689444,'123','123','2020-06-20 17:44:04','2020-06-20 17:44:05',1579986297,'alpha-beta-structure_group.csv','FINISH','PCA','-'),(1592689466,'123','123','2020-06-20 17:44:26','2020-06-20 17:44:27',1579986297,'alpha-beta-structure_group.csv','ERROR','PCA-INCREMENTAL','-'),(1592689486,'123','123','2020-06-20 17:44:46','2020-06-20 17:44:47',1579986297,'alpha-beta-structure_group.csv','FINISH','PCA-INCREMENTAL','-'),(1592689552,'123','123','2020-06-20 17:45:52','2020-06-20 17:45:53',1579986297,'energetic_group.csv','FINISH','PCA-INCREMENTAL','-'),(1592689599,'123','123','2020-06-20 17:46:39','2020-06-20 17:46:40',1579986297,'hydrophaty_group.csv','FINISH','PCA-INCREMENTAL','-'),(1592689657,'123','123','2020-06-20 17:47:37','2020-06-20 17:47:38',1579986297,'hydrophaty_group.csv','FINISH','PCA-INCREMENTAL','-'),(1593100428,'Testing on direct','Testing on direct','2020-06-25 11:53:48','2020-06-25 11:54:29',1579986297,'test.csv','ERROR','CLASSIFICATION','-'),(1593100641,'q2q3213','123213','2020-06-25 11:57:21','2020-06-25 11:58:55',1579986297,'test.csv','FINISH','CLASSIFICATION','-'),(1593100832,'123','123','2020-06-25 12:00:32','2020-06-25 12:00:59',1579986297,'test.csv','FINISH','CLASSIFICATION','-'),(1593206250,'asd','asd','2020-06-26 17:17:30','2020-06-26 17:17:30',1576800852,'test.csv','FINISH','CLASSIFICATION','-'),(1593212916,'asd','asd','2020-06-26 19:08:36','2020-06-26 19:08:36',1576800852,'test.csv','FINISH','CLASSIFICATION','-'),(1593214278,'asd','asd','2020-06-26 19:31:18','2020-06-26 19:31:18',1576800852,'test.csv','FINISH','PREDICTION','-'),(1593215109,'asd','asd','2020-06-26 19:45:09','2020-06-26 19:45:09',1576800852,'test.csv','FINISH','CLASSIFICATION','-'),(1593361744,'asd','asd','2020-06-28 12:29:04','2020-06-28 13:48:41',1576800852,'test.csv','ERROR','PREDICTION','-'),(1593366548,'asd','asd','2020-06-28 13:49:08','2020-06-28 13:49:08',1576800852,'test.csv','FINISH','PREDICTION','-'),(1593439361,'asd','asd','2020-06-29 10:02:41','2020-06-29 10:02:41',1576800852,'test.csv','FINISH','CLASSIFICATION','-'),(1593464390,'asd','asd','2020-06-29 16:59:50','2020-06-29 16:59:50',1576800852,'test.csv','FINISH','PREDICTION','-'),(1593465449,'asd','asd','2020-06-29 17:17:29','2020-06-29 17:17:29',1576800852,'test.csv','FINISH','CLASSIFICATION','-'),(1593466306,'asd','asd','2020-06-29 17:31:46','2020-06-29 17:31:46',1576800852,'test.csv','FINISH','PREDICTION','-'),(1595011287,'123','123','2020-07-17 14:41:27','2020-07-17 14:41:27',1579986297,'test.csv','FINISH','CLASSIFICATION','-'),(1595087716,'Enantioselectivity','Enan. FFT alpha','2020-07-18 11:55:16','2020-07-18 13:01:54',1579986297,'training_dataset.csv','FINISH','queue-PREDICTION','-'),(1595087752,'Enantion select. Betha','Enantio select Betha','2020-07-18 11:55:52','2020-07-18 13:02:16',1579986297,'training_dataset.csv','FINISH','queue-PREDICTION','-'),(1595087781,'Enantio energetic','Enantio Energetic','2020-07-18 11:56:21','2020-07-19 03:13:09',1579986297,'training_dataset.csv','FINISH','queue-PREDICTION','-'),(1595087818,'Enantio hydropaty','Enantio hydropaty','2020-07-18 11:56:58','2020-07-18 13:10:53',1579986297,'training_dataset.csv','FINISH','queue-PREDICTION','-'),(1595106953,'enan hydropho','enan hydropho','2020-07-18 17:15:53','2020-07-18 17:30:02',1579986297,'training_dataset.csv','PROCESSING','queue-PREDICTION','-'),(1595106982,'enan index','enan index','2020-07-18 17:16:22','2020-07-18 18:07:53',1579986297,'training_dataset.csv','FINISH','queue-PREDICTION','-'),(1595107011,'enan second','enan second','2020-07-18 17:16:51','2020-07-18 18:32:39',1579986297,'training_dataset.csv','FINISH','queue-PREDICTION','-'),(1595107053,'enan volume','enan volume','2020-07-18 17:17:33','2020-07-18 18:09:11',1579986297,'training_dataset.csv','FINISH','queue-PREDICTION','-'),(1595141141,'T50 alpha','T50 alpha','2020-07-19 02:45:41','2020-07-19 05:18:45',1579986297,'training_dataset.csv','FINISH','queue-PREDICTION','-'),(1595141170,'T50 betha','T50','2020-07-19 02:46:10','2020-07-19 05:08:12',1579986297,'training_dataset.csv','FINISH','queue-PREDICTION','-'),(1595141202,'T50 energetic','T50 energetic','2020-07-19 02:46:42','2020-07-19 06:11:56',1579986297,'training_dataset.csv','FINISH','queue-PREDICTION','-'),(1595141244,'T50 hydropa','T50','2020-07-19 02:47:24','2020-07-19 05:09:24',1579986297,'training_dataset.csv','FINISH','queue-PREDICTION','-'),(1595145008,'ACP','ACP','2020-07-19 03:50:08','2020-07-19 04:04:41',1579986297,'training_dataset_change_class.csv','FINISH','CLASSIFICATION','-'),(1595151590,'T50','Hydropho','2020-07-19 05:39:50','2020-07-19 08:01:32',1579986297,'training_dataset.csv','FINISH','queue-PREDICTION','-'),(1595151622,'T50 index','T50 index','2020-07-19 05:40:22','2020-07-19 06:30:02',1579986297,'training_dataset.csv','PROCESSING','queue-PREDICTION','-'),(1595151663,'T50 Secondary','T50 secondary','2020-07-19 05:41:03','2020-07-19 06:30:02',1579986297,'training_dataset.csv','PROCESSING','queue-PREDICTION','-'),(1595151704,'T50 volume','T50 volume','2020-07-19 05:41:44','2020-07-19 07:56:16',1579986297,'training_dataset.csv','FINISH','queue-PREDICTION','-'),(1595161157,'DBP P1','DBP P1','2020-07-19 08:19:17','2020-07-19 08:30:01',1579986297,'training_dataset.csv','PROCESSING','queue-CLASSIFICATION','-'),(1595161190,'DBP P2','DBP P2','2020-07-19 08:19:50','2020-07-19 08:30:01',1579986297,'training_dataset.csv','PROCESSING','queue-CLASSIFICATION','-'),(1595161220,'DBP P3','DBP P3','2020-07-19 08:20:20','2020-07-19 08:30:01',1579986297,'training_dataset.csv','PROCESSING','queue-CLASSIFICATION','-'),(1595254850,'a','a','2020-07-20 10:20:50','2020-07-20 10:20:57',1576800852,'test.csv','FINISH','CLASSIFICATION','-'),(1595254886,'a','a','2020-07-20 10:21:26','2020-07-20 10:22:56',1576800852,'1LZ1_SDM.csv','FINISH','PREDICTION','-'),(1595316832,'Training BG','Training BG','2020-07-21 03:33:52','2020-07-21 03:34:18',1579986297,'centroids_full.csv','FINISH','CLASSIFICATION','-'),(1595321738,'Testing OGTT ','Testing OGTT','2020-07-21 04:55:38','2020-07-21 05:19:40',1579986297,'centroids_full.csv','FINISH','CLASSIFICATION','-'),(1595618949,'123','123','2020-07-24 15:29:09','2020-07-24 15:29:10',1579986297,'joinAll.csv','FINISH','CLUSTERING K-MEANS','-'),(1596320303,'test','test','2020-08-01 18:18:23','2020-08-01 18:19:05',1576800852,'1LZ1_SDM.csv','FINISH','CLASSIFICATION','-'),(1600825295,'Encoding frequency test','Encoding','2020-09-22 21:41:35','2020-09-22 21:41:38',1579986297,'encoding_frequency.csv','FINISH','CLUSTERING K-MEANS','-'),(1600992729,'Clustering','Clustering','2020-09-24 20:12:09','2020-09-24 20:12:11',1579986297,'dataset_characterized.csv','ERROR','CLUSTERING K-MEANS','-'),(1606711869,'3123','123123','2020-11-29 23:51:09','2020-11-29 23:51:11',1579986297,'all_data_sex_age.csv','FINISH','STATISTIC SUMMARY','-'),(1606715284,'123','123','2020-11-30 00:48:04','2020-11-30 00:48:06',1579986297,'men_all.csv','FINISH','DISPERSION','-'),(1606715377,'123','123','2020-11-30 00:49:37','2020-11-30 00:49:38',1579986297,'healthy_all.csv','FINISH','DISPERSION','-'),(1606715434,'123','123','2020-11-30 00:50:34','2020-11-30 00:50:35',1579986297,'men_all.csv','FINISH','DISPERSION','-'),(1606715478,'123','123','2020-11-30 00:51:18','2020-11-30 00:51:20',1579986297,'non_healthy_all.csv','FINISH','DISPERSION','-'),(1606715558,'123','123','2020-11-30 00:52:38','2020-11-30 00:52:39',1579986297,'women_all.csv','FINISH','DISPERSION','-'),(1606715600,'123','123','2020-11-30 00:53:20','2020-11-30 00:53:21',1579986297,'healthy_men.csv','FINISH','DISPERSION','-'),(1606715662,'123','123','2020-11-30 00:54:22','2020-11-30 00:54:23',1579986297,'non_healthy_all.csv','FINISH','DISPERSION','-'),(1606715694,'123','123','2020-11-30 00:54:54','2020-11-30 00:54:55',1579986297,'non_healthy_men.csv','FINISH','DISPERSION','-'),(1613005850,'dataM1','Base de datos pretratada','2021-02-10 20:10:50','2021-02-10 20:10:53',1612805160,'dataM1.csv','FINISH','CLUSTERING K-MEANS','-'),(1613006511,'dataM1_k5','Base de datos pretratada con 5 grupos','2021-02-10 20:21:51','2021-02-10 20:21:52',1612805160,'dataM1.csv','FINISH','CLUSTERING K-MEANS','-'),(1613007218,'dataM1_k6','Base de datos pretratada. 6 grupos','2021-02-10 20:33:38','2021-02-10 20:33:39',1612805160,'dataM1.csv','FINISH','CLUSTERING K-MEANS','-'),(1613007365,'dataM1_k7','Base de datos pretratada. 7 grupos','2021-02-10 20:36:05','2021-02-10 20:36:08',1612805160,'dataM1.csv','FINISH','CLUSTERING K-MEANS','-'),(1613007441,'dataM1_k8','Base de datos pretratada. 8 grupos','2021-02-10 20:37:21','2021-02-10 20:37:23',1612805160,'dataM1.csv','FINISH','CLUSTERING K-MEANS','-'),(1613007533,'dataM1_v1','v1','2021-02-10 20:38:53','2021-02-10 20:38:53',1612805160,'dataM1.csv','FINISH','STATISTICAL-ANALYSIS','-'),(1613040481,'pruebaC6_1','Membranas C6 en stock','2021-02-11 05:48:01','2021-02-11 05:48:02',1612805160,'c6total.csv','FINISH','CLUSTERING K-MEANS','-'),(1613040929,'pruebaC6_2','Membranas C6 sin codigo','2021-02-11 05:55:29','2021-02-11 05:55:30',1612805160,'c6total.csv','ERROR','CLUSTERING K-MEANS','-'),(1613041061,'pruebaC6_2','Membranas C6 sin codigo','2021-02-11 05:57:41','2021-02-11 05:57:42',1612805160,'C6disp.csv','ERROR','CLUSTERING K-MEANS','-'),(1613041203,'pruebaC6_2','Membranas C6 sin codigo','2021-02-11 06:00:03','2021-02-11 06:00:07',1612805160,'C6disp.csv','FINISH','CLUSTERING K-MEANS','-'),(1613041291,'C6k2','Membranas c6, kmean 2','2021-02-11 06:01:31','2021-02-11 06:01:33',1612805160,'C6disp.csv','FINISH','CLUSTERING K-MEANS','-'),(1613041561,'C6k3','Membranas c6, kmean 3','2021-02-11 06:06:01','2021-02-11 06:06:02',1612805160,'C6disp.csv','FINISH','CLUSTERING K-MEANS','-'),(1613041611,'pruebaC6_4','Membranas c6, kmean 4','2021-02-11 06:06:51','2021-02-11 06:06:53',1612805160,'C6disp.csv','FINISH','CLUSTERING K-MEANS','-'),(1613046020,'C6k5','Membranas c6, kmean 5','2021-02-11 07:20:20','2021-02-11 07:20:23',1612805160,'C6disp.csv','FINISH','CLUSTERING K-MEANS','-'),(1613056486,'C5C6_K2','Clusters para membranas c5 y c6','2021-02-11 10:14:46','2021-02-11 10:18:07',1612805160,'C5C6total.txt','FINISH','CLUSTERING K-MEANS','-'),(1613059567,'C5C6_K2','Clusters para membranas c5 y c6 k2','2021-02-11 11:06:07','2021-02-11 11:06:09',1612805160,'C5C6disp.csv','FINISH','CLUSTERING K-MEANS','-'),(1613060413,'C6k6','Membranas c6, kmean 6','2021-02-11 11:20:13','2021-02-11 11:20:15',1612805160,'C6disp.csv','FINISH','CLUSTERING K-MEANS','-'),(1613063507,'C6k3v2','Membranas c6, kmean 6. algoritmo aglomerativo','2021-02-11 12:11:47','2021-02-11 12:11:54',1612805160,'C6disp.csv','FINISH','CLUSTERING AGGLOMERATIVE','-'),(1613064239,'C6k5_v2','Membranas c6, kmean 5','2021-02-11 12:23:59','2021-02-11 12:24:03',1612805160,'C6disp.csv','FINISH','CLUSTERING K-MEANS','-'),(1613064619,'C6k3norm','Membranas c6, kmean 6. normalizada','2021-02-11 12:30:19','2021-02-11 12:30:21',1612805160,'C6disp.csv','FINISH','CLUSTERING K-MEANS','-'),(1613064688,'C6k4norm','Membranas c6, kmean 4 norm','2021-02-11 12:31:28','2021-02-11 12:31:30',1612805160,'C6disp.csv','FINISH','CLUSTERING K-MEANS','-'),(1613064797,'C6k5norm','Membranas c6, kmean 5','2021-02-11 12:33:17','2021-02-11 12:33:19',1612805160,'C6disp.csv','FINISH','CLUSTERING K-MEANS','-'),(1613069478,'C6k5norm2','Membranas c6, kmean 6. normalizadav2','2021-02-11 13:51:18','2021-02-11 13:51:21',1612805160,'C6disp.csv','FINISH','CLUSTERING K-MEANS','-'),(1613069671,'C6k3norm2','Membranas c6, kmean 2','2021-02-11 13:54:31','2021-02-11 13:54:33',1612805160,'C6disp.csv','FINISH','CLUSTERING K-MEANS','-'),(1613069897,'C6k3norm3','Membranas c6, kmean 3','2021-02-11 13:58:17','2021-02-11 13:58:19',1612805160,'C6disp.csv','FINISH','CLUSTERING K-MEANS','-'),(1613070554,'e1','e1','2021-02-11 14:09:14','2021-02-11 14:09:17',1612805160,'C6disp.csv','FINISH','CLUSTERING K-MEANS','-'),(1613071892,'e2','e2','2021-02-11 14:31:32','2021-02-11 14:31:34',1612805160,'C6disp.csv','FINISH','CLUSTERING K-MEANS','-'),(1613071946,'e3','e3','2021-02-11 14:32:26','2021-02-11 14:32:28',1612805160,'C6disp.csv','FINISH','CLUSTERING K-MEANS','-'),(1613071980,'e4','e4','2021-02-11 14:33:00','2021-02-11 14:33:02',1612805160,'C6disp.csv','FINISH','CLUSTERING K-MEANS','-'),(1613072066,'e6','e6','2021-02-11 14:34:26','2021-02-11 14:34:28',1612805160,'C6disp.csv','FINISH','CLUSTERING K-MEANS','-'),(1613392390,'C6v2','Membranas C6 encontradas kmean 6 ','2021-02-15 07:33:10','2021-02-15 07:33:13',1612805160,'C6total2.csv','FINISH','CLUSTERING K-MEANS','-'),(1613392747,'C6v3','Membranas C6 ','2021-02-15 07:39:07','2021-02-15 07:39:09',1612805160,'C6disp.csv','FINISH','CLUSTERING K-MEANS','-'),(1613394217,'C6v3','Membranas C6 k5','2021-02-15 08:03:37','2021-02-15 08:03:40',1612805160,'C6disp.csv','FINISH','CLUSTERING K-MEANS','-'),(1613394515,'asd','asd','2021-02-15 08:08:35','2021-02-15 08:08:37',1612805160,'C6disp.csv','FINISH','CLUSTERING K-MEANS','-'),(1613394840,'C6v4k5','C6v4k5','2021-02-15 08:14:00','2021-02-15 08:14:02',1612805160,'C6disp.csv','FINISH','CLUSTERING K-MEANS','-'),(1613402495,'c6v5k5','c6v6k5','2021-02-15 10:21:35','2021-02-15 10:21:38',1612805160,'C6DMAKit.csv','FINISH','CLUSTERING K-MEANS','-'),(1613413125,'C5v1','Membranas C5 k5 ','2021-02-15 13:18:45','2021-02-15 13:18:46',1612805160,'C5DMAKit.csv','FINISH','CLUSTERING K-MEANS','-'),(1613413258,'C5v2','Membranas C5 regeneradas k5','2021-02-15 13:20:58','2021-02-15 13:21:01',1612805160,'C5DMAKit.csv','FINISH','CLUSTERING K-MEANS','-'),(1613413730,'C5v3','C5v3 K4','2021-02-15 13:28:50','2021-02-15 13:28:52',1612805160,'C5DMAKit.csv','FINISH','CLUSTERING K-MEANS','-'),(1613666503,'C6flujos','Agrupacion k5 slo con flujos en membranas C6 ','2021-02-18 11:41:43','2021-02-18 11:41:45',1612805160,'C6disp_flujo.csv','FINISH','CLUSTERING K-MEANS','-'),(1613685411,'a','a','2021-02-18 16:56:51','2021-02-18 16:56:51',1576800852,'2.csv','FINISH','PREDICTION','-'),(1613685481,'a','a','2021-02-18 16:58:01','2021-02-18 16:58:17',1576800852,'iris.csv','FINISH','PREDICTION','-'),(1613685714,'a','a','2021-02-18 17:01:54','2021-02-18 17:21:04',1576800852,'iris.csv','FINISH','PREDICTION','-'),(1613688337,'s','s','2021-02-18 17:45:37','2021-02-18 18:24:44',1576800852,'iris.csv','FINISH','CLASSIFICATION','-'),(1613701461,'a','a','2021-02-18 21:24:21','2021-02-18 21:25:39',1576800852,'iris.csv','FINISH','CLASSIFICATION','-'),(1613791921,'s','s','2021-02-19 22:32:01','2021-02-19 22:32:07',1576800852,'iris.csv','FINISH','PREDICTION','-');
/*!40000 ALTER TABLE `job` ENABLE KEYS */;
UNLOCK TABLES;

--
-- Table structure for table `jobUsedataSet`
--

DROP TABLE IF EXISTS `jobUsedataSet`;
/*!40101 SET @saved_cs_client     = @@character_set_client */;
/*!40101 SET character_set_client = utf8 */;
CREATE TABLE `jobUsedataSet` (
  `job` int(11) NOT NULL,
  `dataSet` int(11) NOT NULL,
  PRIMARY KEY (`job`,`dataSet`),
  KEY `fk_job_has_dataSet_dataSet1_idx` (`dataSet`),
  KEY `fk_job_has_dataSet_job1_idx` (`job`),
  CONSTRAINT `fk_job_has_dataSet_dataSet1` FOREIGN KEY (`dataSet`) REFERENCES `dataSet` (`iddataSet`) ON DELETE CASCADE ON UPDATE CASCADE,
  CONSTRAINT `fk_job_has_dataSet_job1` FOREIGN KEY (`job`) REFERENCES `job` (`idjob`) ON DELETE CASCADE ON UPDATE CASCADE
) ENGINE=InnoDB DEFAULT CHARSET=utf8;
/*!40101 SET character_set_client = @saved_cs_client */;

--
-- Dumping data for table `jobUsedataSet`
--

LOCK TABLES `jobUsedataSet` WRITE;
/*!40000 ALTER TABLE `jobUsedataSet` DISABLE KEYS */;
/*!40000 ALTER TABLE `jobUsedataSet` ENABLE KEYS */;
UNLOCK TABLES;

--
-- Table structure for table `modelo`
--

DROP TABLE IF EXISTS `modelo`;
/*!40101 SET @saved_cs_client     = @@character_set_client */;
/*!40101 SET character_set_client = utf8 */;
CREATE TABLE `modelo` (
  `idmodelo` int(11) NOT NULL,
  `idjob` varchar(45) NOT NULL,
  `createModel` datetime NOT NULL,
  `updateModel` datetime NOT NULL,
  PRIMARY KEY (`idmodelo`)
) ENGINE=InnoDB DEFAULT CHARSET=utf8;
/*!40101 SET character_set_client = @saved_cs_client */;

--
-- Dumping data for table `modelo`
--

LOCK TABLES `modelo` WRITE;
/*!40000 ALTER TABLE `modelo` DISABLE KEYS */;
INSERT INTO `modelo` VALUES (1574547693,'1574547672','2019-11-23 19:21:33','2019-11-23 19:21:33'),(1576764927,'1576764590','2019-12-19 09:15:27','2019-12-19 09:15:27'),(1589187441,'1589186168','2020-05-11 04:57:21','2020-05-11 04:57:21');
/*!40000 ALTER TABLE `modelo` ENABLE KEYS */;
UNLOCK TABLES;

--
-- Table structure for table `user`
--

DROP TABLE IF EXISTS `user`;
/*!40101 SET @saved_cs_client     = @@character_set_client */;
/*!40101 SET character_set_client = utf8 */;
CREATE TABLE `user` (
  `iduser` int(11) NOT NULL AUTO_INCREMENT,
  `nameUser` varchar(45) NOT NULL,
  `password` varchar(45) NOT NULL,
  `emailUser` varchar(45) NOT NULL,
  `statusUser` varchar(45) NOT NULL,
  `createdUser` datetime NOT NULL,
  `modifiedUser` datetime NOT NULL,
  `institution` int(11) NOT NULL,
  `fullName` varchar(450) NOT NULL,
  PRIMARY KEY (`iduser`)
) ENGINE=InnoDB AUTO_INCREMENT=1612871685 DEFAULT CHARSET=utf8;
/*!40101 SET character_set_client = @saved_cs_client */;

--
-- Dumping data for table `user`
--

LOCK TABLES `user` WRITE;
/*!40000 ALTER TABLE `user` DISABLE KEYS */;
INSERT INTO `user` VALUES (1576800852,'cquiroz','1234rewq','ceql@live.cl','ACCEPTED','2019-12-19 19:14:12','2019-12-19 19:15:02',1576800852,'Cristofer Quiroz'),(1579986297,'dmedina','123ewq','david.medina@cebib.cl','ACCEPTED','2020-01-25 16:04:57','2020-01-25 16:05:17',1579986297,'David Medina Ortiz'),(1588713658,'kevin.vergara','k27039667k123','k.vergara.val@gmail.com','ACCEPTED','2020-05-05 17:20:58','2020-05-05 17:29:31',1579986297,'Kevin Vergara Valenzuela'),(1588761054,'leo','241993','leomur18@gmail.com','ACCEPTED','2020-05-06 06:30:54','2020-05-06 06:33:04',1588761054,'leo'),(1588762195,'Fran','fran0701','','ACCEPTED','2020-05-06 06:49:55','2020-05-06 06:50:26',1588761054,'Francisca Pea'),(1588763901,'rufox','hXQfgi6ZeKGCVuQ','diego.inos@hotmail.com','ACCEPTED','2020-05-06 07:18:21','2020-05-06 07:18:41',1588763901,'Diego Inostroza'),(1588843243,'Danton','Diff19071991','dfreire829@gmail.com','ACCEPTED','2020-05-07 05:20:43','2020-05-07 05:20:58',1579986297,'Danton Freire'),(1588845106,'juan.amado','neiqniti123','jeamadoh@outlook.com','ACCEPTED','2020-05-07 05:51:46','2020-05-07 05:52:40',1588845106,'Juan Amado'),(1588847157,'sg_francisca ','svsk8205','silvag.fran@gmail.com','ACCEPTED','2020-05-07 06:25:57','2020-05-07 06:27:33',1588847157,'Francisca Silva Grandn'),(1588847795,'juan.biron','16DEmarzo','jpbiron8@hotmail.com','ACCEPTED','2020-05-07 06:36:35','2020-05-07 06:39:33',1588761054,'Juan Pablo Biron'),(1588848227,'BenjaminConstantM','PolymerTriodero1994','bnja.cm@gmail.com','ACCEPTED','2020-05-07 06:43:47','2020-05-07 06:47:09',1579986297,'Benjamin Constant'),(1588851526,'jose','trabajodavid','josemedinaortiz@hotmail.com','ACCEPTED','2020-05-07 07:38:46','2020-05-07 07:40:27',1588851526,'jose medina ortiz'),(1588854079,'Genoveva','geno1994','genoveva.rojas1994@gmail.com','ACCEPTED','2020-05-07 08:21:19','2020-05-07 08:27:26',1588854079,'Genoveva Rojas'),(1588855829,'Giannina','316135','gianny.maya@gmail.com','ACCEPTED','2020-05-07 08:50:29','2020-05-07 08:51:29',1579986297,'Giannina'),(1588857157,'Nyna','nyna09','nyna.llanovarced@ug.uchile.cl','ACCEPTED','2020-05-07 09:12:37','2020-05-07 09:15:23',1579986297,'Nyna Llanovarced'),(1588884684,'RodrigoZelada','12345','rodrigo.zelada@ug.uchile.cl','ACCEPTED','2020-05-07 16:51:24','2020-05-07 17:15:59',1579986297,'Rodrigo Zelada'),(1590037356,'riyaabin','steamcake','riyageorge.39@gmail.com','ACCEPTED','2020-05-21 01:02:36','2020-05-21 03:07:41',1590037356,'riya George'),(1590073515,'kunju','WOAILIMEI1314','kunju@pitt.edu','ACCEPTED','2020-05-21 11:05:15','2020-05-21 11:35:13',1590073515,'kunju zhu'),(1590074477,'anitasdaza','1qa2ws3ed4rf','anitaasd@gmail.com','ACCEPTED','2020-05-21 11:21:17','2020-05-21 11:34:43',1590074477,'Anamaria Sanchez'),(1590083518,'DIEGO','CsCWJ2nLz7bKujh','raizde2gh@gmail.com','ACCEPTED','2020-05-21 13:51:58','2020-05-21 14:23:57',1579986297,'DIEGO ALONSO NARVAEZ NUEZ'),(1590286361,'RG2806','qwerty12345','rgupta1@me.iitr.ac.in','ACCEPTED','2020-05-23 22:12:41','2020-05-25 03:19:41',1590286361,'ROHAN GUPTA'),(1590286457,'qwerty14321','qwerty12345','guptarohan0628@gmail.com','ACCEPTED','2020-05-23 22:14:17','2020-05-25 03:20:02',1590286361,'ROHAN GUPTA'),(1590923789,'Leticia','','lid.valle@gmail.com','ACCEPTED','2020-05-31 07:16:29','2020-05-31 07:31:19',1588761054,'LETICIA DAVALOS'),(1591865016,'korostica','Familia2020','korostica09@gmail.com','ACCEPTED','2020-06-11 04:43:36','2020-06-11 07:41:27',1588845106,'Karen Orstica'),(1595720023,'mahernanos','3117616327Mayma*','marcolgq60@gmail.com','ACCEPTED','2020-07-25 19:33:43','2020-07-27 19:56:12',1595720023,'Marco Hernandez'),(1596289642,'Cramir','holass','cramirz@gmail.com','ACCEPTED','2020-08-01 09:47:22','2020-08-02 02:45:43',1596289642,'Cristian ramire'),(1596293512,'amartinezcerda','Accessways','andmartinezc@alumnos.uai.cl','ACCEPTED','2020-08-01 10:51:52','2020-08-02 02:45:24',1596293512,'Andrs Martnez'),(1602957833,'Jh1022','','102282@gmail.com','ACCEPTED','2020-10-17 14:03:53','2020-10-19 20:23:45',1602957833,'Joseph W Hodges'),(1603822051,'GabrielCabas','holacomoestai1','gcabas17@alumnos.utalca.cl','WAITING','2020-10-27 14:07:31','2020-10-27 14:07:31',1588854079,'Gabriel Cabas'),(1604573911,'xiaowu','123321','morediligent@163.com','ACCEPTED','2020-11-05 05:58:31','2020-11-06 08:19:35',1604573911,'wu'),(1612805160,'denub','lechuceria','denisseurrab@gmail.com','ACCEPTED','2021-02-08 12:26:00','2021-02-08 12:49:40',1579986297,'Denisse Urra'),(1612871684,'denub2','lechuceria28','denisse.urra@ug.uchile.cl','WAITING','2021-02-09 06:54:44','2021-02-09 06:54:44',1579986297,'Denisse Urra');
/*!40000 ALTER TABLE `user` ENABLE KEYS */;
UNLOCK TABLES;
/*!40103 SET TIME_ZONE=@OLD_TIME_ZONE */;

/*!40101 SET SQL_MODE=@OLD_SQL_MODE */;
/*!40014 SET FOREIGN_KEY_CHECKS=@OLD_FOREIGN_KEY_CHECKS */;
/*!40014 SET UNIQUE_CHECKS=@OLD_UNIQUE_CHECKS */;
/*!40101 SET CHARACTER_SET_CLIENT=@OLD_CHARACTER_SET_CLIENT */;
/*!40101 SET CHARACTER_SET_RESULTS=@OLD_CHARACTER_SET_RESULTS */;
/*!40101 SET COLLATION_CONNECTION=@OLD_COLLATION_CONNECTION */;
/*!40111 SET SQL_NOTES=@OLD_SQL_NOTES */;

-- Dump completed on 2021-03-20  0:11:22
